farm_id,season,total_expenses,total_revenue,actual_profit,predicted_profit_min,predicted_profit_max,actual_within_predicted_range
DEMO-FARM-0001,Kharif 2025,107722.3,44903.8,-62818.5,-58062.7,-75702.3,False
DEMO-FARM-0002,Kharif 2025,102970.5,62297.0,-40673.5,-32774.5,-49043.9,False
DEMO-FARM-0003,Kharif 2025,342704.3,333677.5,-9026.8,-7225.6,-11369.3,False
DEMO-FARM-0004,Kharif 2026,135230.7,22726.1,-112504.6,-92319.0,-143477.5,False
DEMO-FARM-0005,Kharif 2026,81529.8,243504.8,161975.0,134026.5,196814.5,True
DEMO-FARM-0006,Kharif 2026,232559.3,29134.9,-203424.4,-193138.5,-221069.7,False
DEMO-FARM-0007,Kharif 2026,174230.9,127876.2,-46354.7,-40986.0,-50281.8,False
DEMO-FARM-0008,Kharif 2025,68611.4,75901.3,7289.9,6631.7,8741.4,True
DEMO-FARM-0009,Kharif 2025,129893.1,313362.6,183469.5,171459.6,232362.1,True
DEMO-FARM-0010,Rabi 2025,240875.9,123401.9,-117474.0,-84430.7,-127380.1,False
DEMO-FARM-0011,Rabi 2025,76459.1,78856.3,2397.2,2038.3,2827.7,True
DEMO-FARM-0012,Kharif 2026,321611.0,336389.1,14778.1,10967.4,15994.9,True
DEMO-FARM-0013,Kharif 2026,255264.3,243343.3,-11921.0,-10025.5,-12662.8,False
DEMO-FARM-0014,Kharif 2025,376984.2,333063.5,-43920.7,-40338.3,-54978.6,False
DEMO-FARM-0015,Kharif 2025,248013.2,313142.0,65128.8,58377.7,68645.7,True
DEMO-FARM-0016,Kharif 2025,162291.7,125729.2,-36562.5,-26029.2,-43416.5,False
DEMO-FARM-0017,Kharif 2025,35907.7,14518.7,-21389.0,-20289.7,-24288.9,False
DEMO-FARM-0018,Rabi 2025,164220.5,324584.9,160364.4,126061.4,173766.0,True
DEMO-FARM-0019,Rabi 2025,448022.5,328002.8,-120019.7,-104247.2,-145424.2,False
DEMO-FARM-0020,Rabi 2025,164301.6,195777.8,31476.2,22830.7,36728.1,True
DEMO-FARM-0021,Rabi 2025,104894.8,158376.8,53482.0,46356.5,62754.7,True
DEMO-FARM-0022,Rabi 2025,357597.7,320307.0,-37290.7,-32390.4,-46765.1,False
DEMO-FARM-0023,Kharif 2026,433211.9,351177.0,-82034.9,-71489.6,-98772.4,False
DEMO-FARM-0024,Kharif 2026,146036.2,208339.4,62303.2,56907.6,79445.7,True
DEMO-FARM-0025,Rabi 2025,217004.6,208165.4,-8839.2,-7046.8,-9664.0,False
DEMO-FARM-0026,Kharif 2025,137812.1,91824.5,-45987.6,-41594.2,-50744.5,False
DEMO-FARM-0027,Rabi 2025,211257.3,561967.6,350710.3,326945.4,370251.7,True
DEMO-FARM-0028,Kharif 2025,242430.6,183951.0,-58479.6,-54404.6,-70017.4,False
DEMO-FARM-0029,Kharif 2026,207510.5,105127.9,-102382.6,-91497.8,-117701.4,False
DEMO-FARM-0030,Kharif 2026,104457.7,101220.0,-3237.7,-3069.1,-3583.8,False
DEMO-FARM-0031,Rabi 2025,98532.4,9915.3,-88617.1,-67888.3,-94187.4,False
DEMO-FARM-0032,Kharif 2025,230041.8,182470.0,-47571.8,-44485.3,-55373.9,False
DEMO-FARM-0033,Rabi 2025,51419.7,44655.6,-6764.1,-5876.1,-8264.8,False
DEMO-FARM-0034,Rabi 2025,120394.3,96795.1,-23599.2,-21678.8,-28702.1,False
DEMO-FARM-0035,Rabi 2025,86856.9,142472.2,55615.3,46745.0,68272.2,True
DEMO-FARM-0036,Kharif 2025,272327.1,240952.1,-31375.0,-27852.9,-34402.1,False
DEMO-FARM-0037,Kharif 2026,284879.9,109331.8,-175548.1,-127696.6,-187610.4,False
DEMO-FARM-0038,Kharif 2025,106830.3,120669.9,13839.6,10981.9,16254.6,True
DEMO-FARM-0039,Kharif 2025,53129.6,26477.0,-26652.6,-22759.0,-34368.8,False
DEMO-FARM-0040,Kharif 2026,149714.7,190554.6,40839.9,31965.3,50650.4,True
DEMO-FARM-0041,Kharif 2025,312246.7,425359.1,113112.4,94204.5,124991.7,True
DEMO-FARM-0042,Kharif 2026,118486.8,92481.8,-26005.0,-22203.8,-33593.1,False
DEMO-FARM-0043,Rabi 2025,416056.4,446383.3,30326.9,22171.3,35689.3,True
DEMO-FARM-0044,Kharif 2025,51249.6,41299.6,-9950.0,-7093.4,-11246.5,False
DEMO-FARM-0045,Kharif 2025,575239.7,323892.4,-251347.3,-214939.8,-316764.0,False
DEMO-FARM-0046,Kharif 2026,416717.2,33072.2,-383645.0,-338598.2,-447220.4,False
DEMO-FARM-0047,Kharif 2025,414095.9,43210.1,-370885.8,-343924.5,-417498.2,False
DEMO-FARM-0048,Rabi 2025,115769.6,70250.4,-45519.2,-40443.6,-53189.3,False
DEMO-FARM-0049,Kharif 2026,510572.4,330222.0,-180350.4,-166762.6,-225322.3,False
DEMO-FARM-0050,Kharif 2025,143532.4,184385.2,40852.8,37803.8,45083.6,True
DEMO-FARM-0051,Kharif 2026,481410.2,384922.7,-96487.5,-83658.3,-119125.0,False
DEMO-FARM-0052,Rabi 2025,323880.5,263727.6,-60152.9,-53271.6,-70739.8,False
DEMO-FARM-0053,Kharif 2025,361888.3,614285.0,252396.7,177387.6,281512.6,True
DEMO-FARM-0054,Kharif 2025,220265.9,438188.7,217922.8,170159.6,275238.5,True
DEMO-FARM-0055,Rabi 2025,331004.3,490105.2,159100.9,144817.1,171219.6,True
DEMO-FARM-0056,Kharif 2025,202213.4,129158.4,-73055.0,-68486.1,-80040.1,False
DEMO-FARM-0057,Kharif 2026,255466.3,530682.8,275216.5,221161.2,303781.0,True
DEMO-FARM-0058,Kharif 2026,158633.5,256140.3,97506.8,89226.8,120650.1,True
DEMO-FARM-0059,Kharif 2025,242698.2,255476.8,12778.6,10074.4,15595.9,True
DEMO-FARM-0060,Rabi 2025,186366.4,163418.2,-22948.2,-17121.5,-26288.9,False
DEMO-FARM-0061,Kharif 2025,40923.8,34679.9,-6243.9,-4959.4,-6927.5,False
DEMO-FARM-0062,Kharif 2026,518704.1,243155.7,-275548.4,-253250.5,-336089.5,False
DEMO-FARM-0063,Kharif 2025,312952.1,269878.0,-43074.1,-33166.4,-47835.1,False
DEMO-FARM-0064,Kharif 2025,144474.1,296471.8,151997.7,107080.6,172767.5,True
DEMO-FARM-0065,Kharif 2026,185194.7,128470.8,-56723.9,-47176.9,-63498.3,False
DEMO-FARM-0066,Kharif 2026,194232.4,202495.4,8263.0,7231.1,9526.7,True
DEMO-FARM-0067,Rabi 2025,87125.2,191125.9,104000.7,81024.8,133616.4,True
DEMO-FARM-0068,Kharif 2025,374684.0,190972.8,-183711.2,-140667.7,-211187.9,False
DEMO-FARM-0069,Kharif 2026,110325.9,82007.4,-28318.5,-22529.4,-31442.0,False
DEMO-FARM-0070,Kharif 2026,32237.0,6342.9,-25894.1,-19533.7,-29146.3,False
DEMO-FARM-0071,Kharif 2026,160462.8,246122.8,85660.0,78469.6,106370.1,True
DEMO-FARM-0072,Kharif 2025,211854.6,160184.9,-51669.7,-44965.6,-60157.8,False
DEMO-FARM-0073,Rabi 2025,60695.9,85167.3,24471.4,20236.3,27329.3,True
DEMO-FARM-0074,Kharif 2026,122223.5,80438.4,-41785.1,-30025.9,-47332.5,False
DEMO-FARM-0075,Kharif 2026,333052.7,456141.7,123089.0,101412.5,131007.1,True
DEMO-FARM-0076,Kharif 2026,278790.9,346800.5,68009.6,49106.9,75882.1,True
DEMO-FARM-0077,Rabi 2025,411691.4,359090.5,-52600.9,-41647.8,-60403.1,False
DEMO-FARM-0078,Rabi 2025,346815.8,566422.0,219606.2,160196.5,242984.5,True
DEMO-FARM-0079,Rabi 2025,304965.3,250772.6,-54192.7,-41479.7,-57818.7,False
DEMO-FARM-0080,Kharif 2026,348085.7,131014.7,-217071.0,-169646.4,-231843.9,False
DEMO-FARM-0081,Kharif 2026,186189.7,417208.1,231018.4,202340.8,264865.4,True
DEMO-FARM-0082,Rabi 2025,90843.6,126949.8,36106.2,28223.8,39053.6,True
DEMO-FARM-0083,Kharif 2026,341671.8,456144.5,114472.7,86613.0,126855.9,True
DEMO-FARM-0084,Rabi 2025,306261.8,161100.0,-145161.8,-137366.8,-182735.1,False
DEMO-FARM-0085,Kharif 2025,164889.1,173131.9,8242.8,5801.4,9926.1,True
DEMO-FARM-0086,Rabi 2025,187372.7,284094.7,96722.0,73893.4,104082.0,True
DEMO-FARM-0087,Kharif 2025,319327.4,299782.5,-19544.9,-17129.1,-21165.2,False
DEMO-FARM-0088,Kharif 2025,414214.2,666969.3,252755.1,204968.0,305338.6,True
DEMO-FARM-0089,Kharif 2025,337058.9,658197.6,321138.7,269314.5,415684.3,True
DEMO-FARM-0090,Kharif 2026,131462.6,119027.0,-12435.6,-11147.7,-15464.3,False
DEMO-FARM-0091,Kharif 2025,206018.4,195221.6,-10796.8,-8517.6,-11359.3,False
DEMO-FARM-0092,Kharif 2026,476608.3,389420.3,-87188.0,-77039.6,-113338.6,False
DEMO-FARM-0093,Kharif 2025,305059.9,188358.6,-116701.3,-93532.6,-151289.2,False
DEMO-FARM-0094,Rabi 2025,196818.6,470323.3,273504.7,201142.7,307454.3,True
DEMO-FARM-0095,Rabi 2025,243733.7,199414.2,-44319.5,-32915.3,-51800.4,False
DEMO-FARM-0096,Rabi 2025,194254.7,218787.8,24533.1,22061.3,27849.1,True
DEMO-FARM-0097,Kharif 2025,341651.6,261288.3,-80363.3,-74461.2,-95327.6,False
DEMO-FARM-0098,Kharif 2025,287207.8,285336.6,-1871.2,-1527.6,-2332.9,False
DEMO-FARM-0099,Kharif 2025,206358.9,153864.9,-52494.0,-38077.1,-65273.0,False
DEMO-FARM-0100,Kharif 2026,377602.9,522284.3,144681.4,110064.6,162072.6,True
DEMO-FARM-0101,Kharif 2026,77091.0,24562.6,-52528.4,-44642.0,-66999.1,False
DEMO-FARM-0102,Kharif 2026,210594.2,227448.8,16854.6,14235.4,20431.8,True
DEMO-FARM-0103,Kharif 2025,325274.9,600131.4,274856.5,245762.6,306418.6,True
DEMO-FARM-0104,Rabi 2025,140661.2,188474.9,47813.7,43357.9,55200.4,True
DEMO-FARM-0105,Kharif 2026,247261.6,72296.2,-174965.4,-130159.2,-199028.3,False
DEMO-FARM-0106,Kharif 2025,367772.2,522079.1,154306.9,117509.8,170845.3,True
DEMO-FARM-0107,Kharif 2026,297685.5,276774.5,-20911.0,-16114.9,-22902.4,False
DEMO-FARM-0108,Kharif 2026,176314.9,182654.2,6339.3,5495.7,7575.5,True
DEMO-FARM-0109,Kharif 2025,287449.0,217029.0,-70420.0,-60709.8,-79992.3,False
DEMO-FARM-0110,Kharif 2025,379994.6,665007.8,285013.2,254355.3,308498.9,True
DEMO-FARM-0111,Kharif 2026,467381.4,513341.3,45959.9,38734.3,51422.8,True
DEMO-FARM-0112,Kharif 2026,202154.0,291196.1,89042.1,74074.3,100698.5,True
DEMO-FARM-0113,Rabi 2025,251089.0,248706.4,-2382.6,-2138.7,-3032.6,False
DEMO-FARM-0114,Kharif 2025,264312.3,234047.2,-30265.1,-26804.1,-33106.9,False
DEMO-FARM-0115,Kharif 2025,237381.7,186226.4,-51155.3,-39323.9,-65470.6,False
DEMO-FARM-0116,Kharif 2026,322574.1,432253.4,109679.3,88764.0,140970.3,True
DEMO-FARM-0117,Rabi 2025,260437.9,400159.3,139721.4,111513.5,179953.3,True
DEMO-FARM-0118,Kharif 2026,243475.9,263295.1,19819.2,18460.3,24082.9,True
DEMO-FARM-0119,Kharif 2025,320964.0,253622.8,-67341.2,-47287.4,-77448.0,False
DEMO-FARM-0120,Kharif 2026,80610.4,124630.4,44020.0,40842.1,55961.6,True
DEMO-FARM-0121,Kharif 2025,125855.2,109064.7,-16790.5,-12539.9,-19305.6,False
DEMO-FARM-0122,Kharif 2025,124392.5,181050.0,56657.5,51494.7,67675.7,True
DEMO-FARM-0123,Kharif 2025,94844.8,45329.8,-49515.0,-45149.0,-62222.6,False
DEMO-FARM-0124,Kharif 2025,170025.7,128552.3,-41473.4,-38440.5,-44762.5,False
DEMO-FARM-0125,Kharif 2026,316167.1,347381.5,31214.4,22983.3,33421.3,True
DEMO-FARM-0126,Kharif 2025,129902.5,133360.7,3458.2,3229.3,4041.9,True
DEMO-FARM-0127,Rabi 2025,181682.6,299723.5,118040.9,84526.9,133431.4,True
DEMO-FARM-0128,Kharif 2026,183883.5,212200.0,28316.5,22309.2,35463.3,True
DEMO-FARM-0129,Kharif 2025,134147.0,50102.3,-84044.7,-74284.5,-102731.8,False
DEMO-FARM-0130,Kharif 2025,103963.0,141103.1,37140.1,26201.1,47452.9,True
DEMO-FARM-0131,Kharif 2025,342643.3,256733.3,-85910.0,-64766.6,-103716.2,False
DEMO-FARM-0132,Rabi 2025,406251.7,96380.3,-309871.4,-221699.0,-331680.6,False
DEMO-FARM-0133,Kharif 2025,173234.9,98582.3,-74652.6,-52435.6,-88947.2,False
DEMO-FARM-0134,Kharif 2025,317070.2,309910.8,-7159.4,-6138.1,-7607.7,False
DEMO-FARM-0135,Rabi 2025,82573.1,74785.8,-7787.3,-6016.6,-9834.3,False
DEMO-FARM-0136,Kharif 2026,235128.6,525090.4,289961.8,210317.1,320157.5,True
DEMO-FARM-0137,Kharif 2025,519331.3,120883.5,-398447.8,-321187.9,-502270.8,False
DEMO-FARM-0138,Rabi 2025,44095.8,34157.8,-9938.0,-7589.8,-12912.3,False
DEMO-FARM-0139,Kharif 2026,166633.4,24936.4,-141697.0,-111772.8,-162471.5,False
DEMO-FARM-0140,Rabi 2025,215872.7,427664.3,211791.6,154719.4,258396.2,True
DEMO-FARM-0141,Rabi 2025,233552.6,244840.1,11287.5,8588.3,13626.5,True
DEMO-FARM-0142,Kharif 2025,62036.1,161095.7,99059.6,74868.2,113618.2,True
DEMO-FARM-0143,Kharif 2025,280311.7,291197.6,10885.9,9951.5,13441.1,True
DEMO-FARM-0144,Rabi 2025,448078.8,405055.5,-43023.3,-31779.1,-51710.9,False
DEMO-FARM-0145,Kharif 2025,353471.5,435380.1,81908.6,70208.8,87858.6,True
DEMO-FARM-0146,Kharif 2025,285208.2,138924.5,-146283.7,-119433.5,-163130.8,False
DEMO-FARM-0147,Rabi 2025,316125.6,610198.0,294072.4,240193.2,365904.8,True
DEMO-FARM-0148,Kharif 2026,282443.3,150794.2,-131649.1,-97363.1,-142289.8,False
DEMO-FARM-0149,Rabi 2025,511989.1,318643.6,-193345.5,-148359.6,-249042.3,False
DEMO-FARM-0150,Kharif 2025,120188.7,80139.0,-40049.7,-35522.3,-42247.0,False
DEMO-FARM-0151,Kharif 2025,119592.2,234201.5,114609.3,91716.2,127714.8,True
DEMO-FARM-0152,Kharif 2025,102286.2,129711.8,27425.6,23573.3,31946.0,True
DEMO-FARM-0153,Kharif 2026,253543.4,301253.5,47710.1,44901.2,52707.5,True
DEMO-FARM-0154,Kharif 2026,171600.7,51491.7,-120109.0,-101728.0,-147139.8,False
DEMO-FARM-0155,Kharif 2026,299606.7,309190.9,9584.2,8687.0,11038.5,True
DEMO-FARM-0156,Rabi 2025,315353.4,393671.4,78318.0,68272.2,88170.4,True
DEMO-FARM-0157,Kharif 2026,235250.2,270788.9,35538.7,28746.2,45273.0,True
DEMO-FARM-0158,Kharif 2026,380872.5,89429.0,-291443.5,-273221.5,-358389.3,False
DEMO-FARM-0159,Rabi 2025,174731.7,276842.0,102110.3,81033.5,128149.9,True
DEMO-FARM-0160,Rabi 2025,395463.4,201811.5,-193651.9,-136808.6,-208308.7,False
DEMO-FARM-0161,Kharif 2025,220575.2,476389.8,255814.6,221367.5,287231.7,True
DEMO-FARM-0162,Kharif 2026,195752.4,129015.2,-66737.2,-62589.3,-77349.4,False
DEMO-FARM-0163,Kharif 2026,47402.6,47585.7,183.1,147.8,223.3,True
DEMO-FARM-0164,Kharif 2026,38344.2,44094.8,5750.6,5128.9,6721.8,True
DEMO-FARM-0165,Kharif 2026,336170.9,272349.2,-63821.7,-48089.7,-79351.3,False
DEMO-FARM-0166,Kharif 2026,213041.0,567686.9,354645.9,276654.9,387903.8,True
DEMO-FARM-0167,Rabi 2025,103166.3,207363.3,104197.0,89391.7,111763.1,True
DEMO-FARM-0168,Kharif 2026,257304.4,266417.9,9113.5,8592.6,11010.0,True
DEMO-FARM-0169,Rabi 2025,128864.1,101841.1,-27023.0,-25576.6,-30663.6,False
DEMO-FARM-0170,Rabi 2025,275880.5,352022.7,76142.2,71787.0,82720.2,True
DEMO-FARM-0171,Rabi 2025,50864.5,45690.3,-5174.2,-3674.6,-5475.6,False
DEMO-FARM-0172,Kharif 2025,120251.8,84560.1,-35691.7,-29132.2,-38216.9,False
DEMO-FARM-0173,Kharif 2025,265834.4,468940.0,203105.6,168180.0,229890.2,True
DEMO-FARM-0174,Rabi 2025,116598.4,159816.7,43218.3,33879.1,52246.7,True
DEMO-FARM-0175,Kharif 2025,26000.4,20082.4,-5918.0,-4383.9,-7348.0,False
DEMO-FARM-0176,Rabi 2025,288001.4,210245.2,-77756.2,-65743.5,-99429.7,False
DEMO-FARM-0177,Kharif 2026,213361.8,428904.3,215542.5,170539.4,279273.8,True
DEMO-FARM-0178,Rabi 2025,81338.4,29667.7,-51670.7,-43607.8,-66828.3,False
DEMO-FARM-0179,Kharif 2026,171633.1,159547.6,-12085.5,-8541.6,-14889.3,False
DEMO-FARM-0180,Kharif 2026,220114.7,162676.6,-57438.1,-51933.0,-61073.5,False
DEMO-FARM-0181,Kharif 2025,99141.4,38719.1,-60422.3,-51041.3,-75557.2,False
DEMO-FARM-0182,Kharif 2025,213346.8,171997.6,-41349.2,-34744.1,-44076.3,False
DEMO-FARM-0183,Rabi 2025,51110.4,71249.9,20139.5,17589.1,21451.6,True
DEMO-FARM-0184,Kharif 2025,354726.0,593451.0,238725.0,215895.1,253229.6,True
DEMO-FARM-0185,Rabi 2025,65075.1,58675.3,-6399.8,-4699.7,-7159.9,False
DEMO-FARM-0186,Rabi 2025,449767.2,368868.8,-80898.4,-69438.4,-104689.8,False
DEMO-FARM-0187,Rabi 2025,78496.8,115897.5,37400.7,27282.2,40605.1,True
DEMO-FARM-0188,Rabi 2025,100045.9,104562.5,4516.6,3578.1,5686.6,True
DEMO-FARM-0189,Kharif 2025,272203.1,509191.6,236988.5,193574.0,267892.4,True
DEMO-FARM-0190,Kharif 2026,115342.6,10079.4,-105263.2,-88452.8,-117382.2,False
DEMO-FARM-0191,Kharif 2026,112421.5,91777.9,-20643.6,-16520.9,-23392.3,False
DEMO-FARM-0192,Rabi 2025,276248.3,59794.8,-216453.5,-195032.2,-277290.8,False
DEMO-FARM-0193,Rabi 2025,319252.2,459516.0,140263.8,124819.8,162673.9,True
DEMO-FARM-0194,Kharif 2025,36099.2,42177.7,6078.5,5021.4,6572.5,True
DEMO-FARM-0195,Rabi 2025,461046.9,405217.6,-55829.3,-49504.7,-66946.0,False
DEMO-FARM-0196,Rabi 2025,435232.0,251050.6,-184181.4,-170480.1,-202627.7,False
DEMO-FARM-0197,Rabi 2025,210949.9,22713.6,-188236.3,-167517.4,-229868.1,False
DEMO-FARM-0198,Kharif 2026,83750.3,88558.4,4808.1,3685.2,5850.7,True
DEMO-FARM-0199,Rabi 2025,456340.2,183080.9,-273259.3,-254429.9,-349665.1,False
DEMO-FARM-0200,Kharif 2026,76138.0,22515.2,-53622.8,-47183.1,-56948.4,False
DEMO-FARM-0201,Kharif 2025,321678.4,642286.6,320608.2,294339.5,389360.9,True
DEMO-FARM-0202,Rabi 2025,192042.7,118765.9,-73276.8,-56980.7,-80370.9,False
DEMO-FARM-0203,Rabi 2025,347485.5,163191.0,-184294.5,-134360.1,-195823.8,False
DEMO-FARM-0204,Kharif 2026,159744.4,110440.7,-49303.7,-43807.6,-54675.9,False
DEMO-FARM-0205,Kharif 2025,308573.2,269598.4,-38974.8,-27518.7,-44794.4,False
DEMO-FARM-0206,Kharif 2026,176659.1,280127.1,103468.0,84911.2,113018.9,True
DEMO-FARM-0207,Kharif 2026,309976.5,321018.1,11041.6,7850.7,12115.7,True
DEMO-FARM-0208,Kharif 2025,433358.6,576483.3,143124.7,124486.4,153223.7,True
DEMO-FARM-0209,Rabi 2025,477738.0,385752.7,-91985.3,-77153.5,-99951.5,False
DEMO-FARM-0210,Kharif 2026,347922.6,502450.2,154527.6,115729.2,177439.3,True
DEMO-FARM-0211,Rabi 2025,357265.0,705121.1,347856.1,252267.4,380311.4,True
DEMO-FARM-0212,Rabi 2025,136855.4,126210.0,-10645.4,-8380.5,-12055.0,False
DEMO-FARM-0213,Kharif 2025,138971.8,198109.0,59137.2,52473.5,63199.7,True
DEMO-FARM-0214,Rabi 2025,107661.1,96128.8,-11532.3,-10553.4,-14462.2,False
DEMO-FARM-0215,Kharif 2026,130374.4,243184.3,112809.9,100569.8,127175.5,True
DEMO-FARM-0216,Kharif 2025,178325.9,214102.0,35776.1,32403.1,39199.9,True
DEMO-FARM-0217,Rabi 2025,392160.2,493315.1,101154.9,73954.6,107349.5,True
DEMO-FARM-0218,Kharif 2026,207377.7,184337.1,-23040.6,-21539.0,-25966.8,False
DEMO-FARM-0219,Kharif 2025,483196.9,55391.8,-427805.1,-397604.0,-478351.7,False
DEMO-FARM-0220,Rabi 2025,67691.4,4039.2,-63652.2,-58998.7,-81219.1,False
DEMO-FARM-0221,Rabi 2025,450493.9,442778.4,-7715.5,-7182.5,-9058.3,False
DEMO-FARM-0222,Kharif 2026,253994.4,230767.7,-23226.7,-21287.0,-29908.8,False
DEMO-FARM-0223,Rabi 2025,148875.8,114953.5,-33922.3,-26498.5,-39170.7,False
DEMO-FARM-0224,Rabi 2025,80171.1,103936.2,23765.1,20908.8,26737.9,True
DEMO-FARM-0225,Kharif 2026,213680.6,93744.4,-119936.2,-106557.6,-128148.6,False
DEMO-FARM-0226,Kharif 2026,276259.0,46481.2,-229777.8,-190916.5,-248292.9,False
DEMO-FARM-0227,Kharif 2025,460236.7,304935.0,-155301.7,-120099.6,-173108.0,False
DEMO-FARM-0228,Kharif 2025,287959.9,144282.5,-143677.4,-130708.1,-157812.3,False
DEMO-FARM-0229,Kharif 2026,160314.8,94037.1,-66277.7,-59789.9,-82747.1,False
DEMO-FARM-0230,Kharif 2025,422039.9,339714.4,-82325.5,-67895.5,-91254.6,False
DEMO-FARM-0231,Kharif 2026,485596.3,325028.9,-160567.4,-121505.2,-187258.7,False
DEMO-FARM-0232,Kharif 2025,334052.3,591340.8,257288.5,180668.6,304330.5,True
DEMO-FARM-0233,Kharif 2026,457732.9,331315.3,-126417.6,-118604.3,-137627.9,False
DEMO-FARM-0234,Kharif 2025,280343.1,115892.4,-164450.7,-138687.3,-212214.5,False
DEMO-FARM-0235,Kharif 2026,513638.6,470940.0,-42698.6,-39074.8,-53911.0,False
DEMO-FARM-0236,Rabi 2025,134760.0,294149.0,159389.0,144320.8,179672.2,True
DEMO-FARM-0237,Kharif 2025,49944.7,44011.5,-5933.2,-5474.3,-7626.2,False
DEMO-FARM-0238,Kharif 2026,138311.7,112200.9,-26110.8,-21513.9,-29730.9,False
DEMO-FARM-0239,Kharif 2025,365217.9,642186.9,276969.0,222560.4,313958.7,True
DEMO-FARM-0240,Kharif 2025,547546.8,347293.8,-200253.0,-150811.5,-241227.2,False
DEMO-FARM-0241,Kharif 2025,307052.0,181893.0,-125159.0,-105214.8,-145891.1,False
DEMO-FARM-0242,Kharif 2025,270649.0,408640.1,137991.1,99900.2,172381.7,True
DEMO-FARM-0243,Kharif 2025,208477.4,332077.0,123599.6,91925.1,133319.5,True
DEMO-FARM-0244,Rabi 2025,370330.6,112155.4,-258175.2,-220938.0,-296814.0,False
DEMO-FARM-0245,Kharif 2026,53749.4,96963.5,43214.1,30896.0,49216.2,True
DEMO-FARM-0246,Kharif 2025,112878.7,92977.2,-19901.5,-17770.9,-23957.7,False
DEMO-FARM-0247,Rabi 2025,318535.8,434409.9,115874.1,91621.2,127224.1,True
DEMO-FARM-0248,Rabi 2025,304291.2,155775.0,-148516.2,-127419.3,-188896.1,False
DEMO-FARM-0249,Rabi 2025,184221.5,143683.7,-40537.8,-34926.1,-50803.0,False
DEMO-FARM-0250,Kharif 2025,119171.1,78791.1,-40380.0,-33530.8,-49646.9,False
DEMO-FARM-0251,Rabi 2025,300217.8,367258.6,67040.8,61949.5,83351.5,True
DEMO-FARM-0252,Rabi 2025,168329.6,236751.9,68422.3,63459.2,79218.3,True
DEMO-FARM-0253,Kharif 2026,341627.5,103689.0,-237938.5,-220344.2,-286809.1,False
DEMO-FARM-0254,Rabi 2025,83868.0,33244.8,-50623.2,-46447.4,-53652.7,False
DEMO-FARM-0255,Kharif 2026,246387.9,272687.4,26299.5,22734.9,33189.8,True
DEMO-FARM-0256,Rabi 2025,253878.9,487272.5,233393.6,173539.9,283677.5,True
DEMO-FARM-0257,Rabi 2025,77531.6,112813.0,35281.4,31973.4,39585.3,True
DEMO-FARM-0258,Kharif 2025,229691.0,241161.3,11470.3,9191.3,13676.9,True
DEMO-FARM-0259,Rabi 2025,408670.1,357951.2,-50718.9,-42086.1,-53751.8,False
DEMO-FARM-0260,Rabi 2025,60334.1,73439.5,13105.4,9497.1,14089.8,True
DEMO-FARM-0261,Kharif 2025,334886.5,389184.3,54297.8,41568.6,60350.2,True
DEMO-FARM-0262,Kharif 2026,359723.2,350609.0,-9114.2,-8071.1,-10874.9,False
DEMO-FARM-0263,Kharif 2025,313174.6,265925.9,-47248.7,-42098.3,-50436.8,False
DEMO-FARM-0264,Kharif 2026,408354.7,180809.4,-227545.3,-186883.8,-257341.0,False
DEMO-FARM-0265,Rabi 2025,389655.3,663264.0,273608.7,249663.8,335703.5,True
DEMO-FARM-0266,Rabi 2025,46792.0,65533.0,18741.0,17191.4,19895.6,True
DEMO-FARM-0267,Kharif 2026,176120.8,139226.3,-36894.5,-32474.8,-43720.1,False
DEMO-FARM-0268,Rabi 2025,75534.3,10784.4,-64749.9,-58679.6,-76197.0,False
DEMO-FARM-0269,Kharif 2026,380632.3,634709.9,254077.6,212168.1,270069.7,True
DEMO-FARM-0270,Kharif 2026,210943.1,97250.1,-113693.0,-98586.7,-127141.2,False
DEMO-FARM-0271,Rabi 2025,141884.6,386934.2,245049.6,172741.2,261372.2,True
DEMO-FARM-0272,Rabi 2025,88558.3,155992.9,67434.6,63342.8,76640.7,True
DEMO-FARM-0273,Kharif 2026,311923.8,227621.2,-84302.6,-77307.1,-108743.6,False
DEMO-FARM-0274,Kharif 2026,133254.1,91330.1,-41924.0,-39233.2,-53261.6,False
DEMO-FARM-0275,Rabi 2025,126153.6,179076.6,52923.0,48885.6,59392.9,True
DEMO-FARM-0276,Kharif 2026,297936.1,792908.4,494972.3,365224.0,598825.2,True
DEMO-FARM-0277,Kharif 2025,290974.5,418592.0,127617.5,104905.0,137148.8,True
DEMO-FARM-0278,Kharif 2025,59977.5,30039.5,-29938.0,-26027.7,-35647.6,False
DEMO-FARM-0279,Kharif 2026,200905.7,230456.9,29551.2,27062.0,35529.3,True
DEMO-FARM-0280,Kharif 2026,372737.4,440276.6,67539.2,56968.4,78358.2,True
DEMO-FARM-0281,Kharif 2025,457027.6,832771.4,375743.8,306493.0,484181.7,True
DEMO-FARM-0282,Rabi 2025,257053.8,149700.3,-107353.5,-78863.1,-124697.0,False
DEMO-FARM-0283,Kharif 2025,302102.3,417764.5,115662.2,99927.1,133966.1,True
DEMO-FARM-0284,Kharif 2025,239181.6,558115.0,318933.4,245835.1,357792.0,True
DEMO-FARM-0285,Kharif 2025,195147.6,128875.8,-66271.8,-50261.5,-75283.2,False
DEMO-FARM-0286,Kharif 2026,190403.2,235409.3,45006.1,41311.9,52941.0,True
DEMO-FARM-0287,Kharif 2026,36434.0,46667.6,10233.6,7778.1,11729.1,True
DEMO-FARM-0288,Kharif 2026,104145.7,81107.7,-23038.0,-16736.1,-29396.7,False
DEMO-FARM-0289,Kharif 2026,116132.1,112761.9,-3370.2,-2703.1,-4364.7,False
DEMO-FARM-0290,Kharif 2026,220570.4,164816.3,-55754.1,-43872.0,-70199.4,False
DEMO-FARM-0291,Rabi 2025,427443.5,603251.1,175807.6,134333.9,187945.0,True
DEMO-FARM-0292,Kharif 2026,316224.0,206056.9,-110167.1,-77991.0,-132370.4,False
DEMO-FARM-0293,Kharif 2025,275190.7,87958.7,-187232.0,-145646.5,-217353.9,False
DEMO-FARM-0294,Rabi 2025,93674.4,58683.3,-34991.1,-31655.1,-38911.0,False
DEMO-FARM-0295,Kharif 2025,373590.5,249269.8,-124320.7,-96617.5,-156809.9,False
DEMO-FARM-0296,Rabi 2025,66126.2,78226.2,12100.0,9960.6,15208.7,True
DEMO-FARM-0297,Kharif 2026,428835.4,309884.5,-118950.9,-94401.7,-136745.1,False
DEMO-FARM-0298,Kharif 2025,289967.7,322045.2,32077.5,23794.6,41029.9,True
DEMO-FARM-0299,Kharif 2025,186794.5,185401.1,-1393.4,-1287.8,-1805.9,False
DEMO-FARM-0300,Kharif 2026,286759.5,236087.0,-50672.5,-40569.0,-63576.4,False
DEMO-FARM-0301,Kharif 2026,100595.1,89235.7,-11359.4,-9130.0,-13217.5,False
DEMO-FARM-0302,Rabi 2025,177302.0,133969.3,-43332.7,-39324.4,-47420.8,False
DEMO-FARM-0303,Kharif 2025,196975.2,344141.2,147166.0,111121.8,166103.6,True
DEMO-FARM-0304,Kharif 2026,162314.6,133923.0,-28391.6,-25468.5,-32456.2,False
DEMO-FARM-0305,Kharif 2025,341212.7,928179.8,586967.1,463435.2,762883.5,True
DEMO-FARM-0306,Kharif 2026,447311.4,164395.8,-282915.6,-225187.1,-314585.9,False
DEMO-FARM-0307,Kharif 2025,237973.0,75904.7,-162068.3,-138698.6,-202661.5,False
DEMO-FARM-0308,Kharif 2026,139412.7,137411.3,-2001.4,-1435.8,-2411.1,False
DEMO-FARM-0309,Kharif 2026,131040.1,107714.0,-23326.1,-16536.7,-27561.7,False
DEMO-FARM-0310,Rabi 2025,40448.7,14082.8,-26365.9,-20150.1,-29705.4,False
DEMO-FARM-0311,Kharif 2025,193505.1,57028.8,-136476.3,-111470.3,-174932.2,False
DEMO-FARM-0312,Rabi 2025,147298.3,23890.8,-123407.5,-108310.7,-158481.3,False
DEMO-FARM-0313,Rabi 2025,129040.0,46159.1,-82880.9,-71691.4,-87172.2,False
DEMO-FARM-0314,Kharif 2026,358129.3,413083.1,54953.8,42116.4,70145.4,True
DEMO-FARM-0315,Rabi 2025,253246.7,300445.6,47198.9,40631.7,61142.0,True
DEMO-FARM-0316,Kharif 2026,220411.2,343698.6,123287.4,91108.3,138598.1,True
DEMO-FARM-0317,Rabi 2025,157071.3,111288.1,-45783.2,-36195.8,-51810.1,False
DEMO-FARM-0318,Rabi 2025,166815.7,252635.1,85819.4,65480.0,99624.9,True
DEMO-FARM-0319,Kharif 2026,297636.4,320222.4,22586.0,19436.9,25472.8,True
DEMO-FARM-0320,Kharif 2025,218032.6,277623.4,59590.8,42900.9,73125.8,True
DEMO-FARM-0321,Kharif 2026,486604.5,340108.3,-146496.2,-119358.4,-174201.6,False
DEMO-FARM-0322,Kharif 2026,93692.3,141590.0,47897.7,38981.6,60954.1,True
DEMO-FARM-0323,Kharif 2025,97731.8,148237.0,50505.2,42408.5,64688.0,True
DEMO-FARM-0324,Rabi 2025,34065.2,30187.0,-3878.2,-3209.8,-4355.8,False
DEMO-FARM-0325,Kharif 2025,349949.2,585090.1,235140.9,185493.4,277591.4,True
DEMO-FARM-0326,Kharif 2025,195559.0,75322.4,-120236.6,-100096.7,-146909.2,False
DEMO-FARM-0327,Kharif 2026,482224.3,474573.2,-7651.1,-5785.2,-9293.9,False
DEMO-FARM-0328,Kharif 2026,459168.9,934288.2,475119.3,425064.1,579240.7,True
DEMO-FARM-0329,Kharif 2026,102170.1,81803.9,-20366.2,-16709.6,-26433.7,False
DEMO-FARM-0330,Rabi 2025,106029.0,44272.8,-61756.2,-49479.3,-66489.7,False
DEMO-FARM-0331,Kharif 2025,266421.8,385100.5,118678.7,107448.9,130908.6,True
DEMO-FARM-0332,Kharif 2025,118228.3,86793.3,-31435.0,-27610.0,-34413.3,False
DEMO-FARM-0333,Kharif 2025,293292.6,279543.5,-13749.1,-9682.4,-14985.8,False
DEMO-FARM-0334,Kharif 2025,314315.7,313346.2,-969.5,-770.0,-1043.8,False
DEMO-FARM-0335,Rabi 2025,472601.0,661762.7,189161.7,141761.5,234779.3,True
DEMO-FARM-0336,Rabi 2025,102037.3,57204.9,-44832.4,-40011.6,-56236.5,False
DEMO-FARM-0337,Kharif 2025,304950.2,504034.6,199084.4,181224.3,229964.2,True
DEMO-FARM-0338,Rabi 2025,360690.8,99704.6,-260986.2,-239295.0,-308351.1,False
DEMO-FARM-0339,Rabi 2025,350625.7,391630.0,41004.3,33527.1,50420.3,True
DEMO-FARM-0340,Rabi 2025,358008.2,560975.5,202967.3,152926.6,253176.2,True
DEMO-FARM-0341,Kharif 2026,227657.9,214987.1,-12670.8,-10230.0,-13707.6,False
DEMO-FARM-0342,Rabi 2025,287223.1,434027.1,146804.0,107141.7,160196.4,True
DEMO-FARM-0343,Kharif 2026,305459.8,114900.3,-190559.5,-175818.4,-247295.6,False
DEMO-FARM-0344,Rabi 2025,48929.6,38109.1,-10820.5,-8540.0,-12151.8,False
DEMO-FARM-0345,Kharif 2025,285632.0,104441.9,-181190.1,-136742.9,-227566.5,False
DEMO-FARM-0346,Kharif 2026,334647.6,348662.0,14014.4,10543.1,17952.8,True
DEMO-FARM-0347,Kharif 2026,101650.9,127979.5,26328.6,22822.6,33550.1,True
DEMO-FARM-0348,Kharif 2025,87707.4,136161.1,48453.7,40628.5,59242.9,True
DEMO-FARM-0349,Rabi 2025,254732.8,612104.3,357371.5,305504.2,449501.5,True
DEMO-FARM-0350,Rabi 2025,364814.2,356063.0,-8751.2,-7954.5,-10479.1,False
DEMO-FARM-0351,Kharif 2026,373957.7,199025.0,-174932.7,-150114.5,-223995.9,False
DEMO-FARM-0352,Kharif 2025,172999.2,30603.2,-142396.0,-132779.5,-173162.4,False
DEMO-FARM-0353,Kharif 2026,325908.7,331711.5,5802.8,4073.2,6244.4,True
DEMO-FARM-0354,Kharif 2025,57798.7,60043.8,2245.1,2053.1,2404.9,True
DEMO-FARM-0355,Kharif 2026,229420.8,347445.2,118024.4,88917.2,130728.2,True
DEMO-FARM-0356,Kharif 2026,439925.1,316207.2,-123717.9,-105167.5,-147738.7,False
DEMO-FARM-0357,Rabi 2025,186330.3,186992.5,662.2,511.5,729.7,True
DEMO-FARM-0358,Kharif 2025,296354.1,320007.7,23653.6,21078.5,30368.0,True
DEMO-FARM-0359,Kharif 2025,268919.6,199286.8,-69632.8,-49662.2,-75432.9,False
DEMO-FARM-0360,Kharif 2025,290541.6,124853.1,-165688.5,-142581.7,-207294.6,False
DEMO-FARM-0361,Kharif 2025,441772.7,321741.7,-120031.0,-107763.5,-147628.6,False
DEMO-FARM-0362,Kharif 2025,53316.8,10774.1,-42542.7,-39218.3,-46981.5,False
DEMO-FARM-0363,Kharif 2026,378645.9,667667.0,289021.1,210067.1,347935.4,True
DEMO-FARM-0364,Kharif 2025,131599.3,368365.6,236766.3,214408.2,283056.7,True
DEMO-FARM-0365,Kharif 2026,163007.9,288599.2,125591.3,118149.9,156849.9,True
DEMO-FARM-0366,Rabi 2025,232118.8,236829.1,4710.3,4122.4,5016.8,True
DEMO-FARM-0367,Rabi 2025,198539.1,111866.7,-86672.4,-63005.2,-108012.0,False
DEMO-FARM-0368,Kharif 2026,436665.7,535902.4,99236.7,74383.8,104913.9,True
DEMO-FARM-0369,Kharif 2026,475590.7,370320.3,-105270.4,-97658.3,-133977.8,False
DEMO-FARM-0370,Kharif 2026,112777.7,211151.5,98373.8,74234.9,122480.5,True
DEMO-FARM-0371,Rabi 2025,58712.6,86154.9,27442.3,19538.8,30770.1,True
DEMO-FARM-0372,Kharif 2025,157046.4,108000.9,-49045.5,-41978.9,-60855.4,False
DEMO-FARM-0373,Rabi 2025,187262.0,34776.6,-152485.4,-107136.2,-172545.2,False
DEMO-FARM-0374,Kharif 2026,213372.6,307670.7,94298.1,71061.8,122558.8,True
DEMO-FARM-0375,Kharif 2026,323721.1,565396.2,241675.1,209712.5,278269.0,True
DEMO-FARM-0376,Kharif 2025,207885.7,228092.2,20206.5,14526.7,24241.1,True
DEMO-FARM-0377,Kharif 2026,291237.6,373565.8,82328.2,70837.3,103247.9,True
DEMO-FARM-0378,Rabi 2025,272006.0,97905.0,-174101.0,-134431.1,-225523.0,False
DEMO-FARM-0379,Kharif 2026,426389.8,433476.5,7086.7,5739.3,7965.4,True
DEMO-FARM-0380,Kharif 2026,213846.3,170063.5,-43782.8,-34462.0,-51659.2,False
DEMO-FARM-0381,Kharif 2025,173225.6,214871.2,41645.6,38904.3,51381.9,True
DEMO-FARM-0382,Kharif 2026,222535.2,284472.4,61937.2,52292.2,67555.1,True
DEMO-FARM-0383,Kharif 2026,147878.7,160324.2,12445.5,9176.5,14630.3,True
DEMO-FARM-0384,Kharif 2025,404516.1,128326.7,-276189.4,-243648.0,-341854.3,False
DEMO-FARM-0385,Kharif 2026,361677.8,749356.8,387679.0,293270.9,416764.6,True
DEMO-FARM-0386,Kharif 2026,148910.1,139964.1,-8946.0,-7122.0,-11446.8,False
DEMO-FARM-0387,Rabi 2025,164845.9,182186.6,17340.7,14502.8,19595.4,True
DEMO-FARM-0388,Rabi 2025,90655.7,204701.4,114045.7,89059.4,123514.0,True
DEMO-FARM-0389,Kharif 2026,99193.2,24860.7,-74332.5,-60826.7,-92755.1,False
DEMO-FARM-0390,Rabi 2025,42051.5,40857.5,-1194.0,-1124.9,-1403.4,False
DEMO-FARM-0391,Kharif 2025,288174.1,161228.5,-126945.6,-94168.7,-154967.3,False
DEMO-FARM-0392,Kharif 2026,529051.9,326906.2,-202145.7,-179747.5,-215876.4,False
DEMO-FARM-0393,Rabi 2025,390283.7,221244.7,-169039.0,-154254.0,-212537.9,False
DEMO-FARM-0394,Rabi 2025,236092.8,379307.0,143214.2,117168.6,170440.0,True
DEMO-FARM-0395,Kharif 2026,84107.1,213453.4,129346.3,113611.6,157697.3,True
DEMO-FARM-0396,Kharif 2025,212018.1,375061.0,163042.9,114804.0,176185.6,True
DEMO-FARM-0397,Kharif 2025,251921.5,183769.9,-68151.6,-50476.3,-84434.3,False
DEMO-FARM-0398,Rabi 2025,254588.1,231432.9,-23155.2,-18756.2,-27470.8,False
DEMO-FARM-0399,Kharif 2025,259022.2,167803.2,-91219.0,-81474.2,-103556.0,False
DEMO-FARM-0400,Kharif 2025,399059.8,653389.8,254330.0,225647.3,295169.0,True
DEMO-FARM-0401,Kharif 2025,29659.7,6028.2,-23631.5,-18770.4,-26780.6,False
DEMO-FARM-0402,Rabi 2025,302496.4,206957.0,-95539.4,-89925.1,-118754.8,False
DEMO-FARM-0403,Rabi 2025,344704.2,410290.5,65586.3,46241.6,84563.9,True
DEMO-FARM-0404,Kharif 2025,311028.1,525358.4,214330.3,191581.3,233040.0,True
DEMO-FARM-0405,Rabi 2025,84744.3,163870.6,79126.3,56898.5,89179.2,True
DEMO-FARM-0406,Kharif 2025,318385.4,308341.1,-10044.3,-8598.4,-12094.7,False
DEMO-FARM-0407,Kharif 2025,278053.0,253303.3,-24749.7,-19031.6,-28744.8,False
DEMO-FARM-0408,Kharif 2025,424794.2,412747.9,-12046.3,-9070.5,-12800.9,False
DEMO-FARM-0409,Rabi 2025,299999.9,575562.7,275562.8,228508.4,313245.4,True
DEMO-FARM-0410,Kharif 2026,107227.4,111678.1,4450.7,3719.5,5726.4,True
DEMO-FARM-0411,Kharif 2026,368283.7,456144.5,87860.8,64651.7,92296.9,True
DEMO-FARM-0412,Kharif 2026,378891.1,757878.7,378987.6,272575.3,441777.2,True
DEMO-FARM-0413,Kharif 2026,161532.7,223614.6,62081.9,54429.3,74199.7,True
DEMO-FARM-0414,Kharif 2026,118953.7,153878.1,34924.4,28768.1,39761.1,True
DEMO-FARM-0415,Kharif 2026,333775.4,321498.9,-12276.5,-9544.9,-14045.2,False
DEMO-FARM-0416,Kharif 2025,356586.3,350404.9,-6181.4,-5272.2,-6749.7,False
DEMO-FARM-0417,Kharif 2026,173373.5,100540.9,-72832.6,-65027.9,-86948.5,False
DEMO-FARM-0418,Rabi 2025,164454.1,218836.0,54381.9,41726.6,63914.4,True
DEMO-FARM-0419,Kharif 2025,39955.0,85071.7,45116.7,42441.0,47603.7,True
DEMO-FARM-0420,Kharif 2026,115429.5,136531.2,21101.7,15823.8,24522.2,True
DEMO-FARM-0421,Kharif 2026,564365.6,335583.7,-228781.9,-196663.2,-252359.5,False
DEMO-FARM-0422,Rabi 2025,259474.7,439598.1,180123.4,168028.3,218065.1,True
DEMO-FARM-0423,Kharif 2025,496147.8,125631.4,-370516.4,-340637.2,-419546.6,False
DEMO-FARM-0424,Kharif 2025,130096.9,109248.4,-20848.5,-18914.6,-23862.3,False
DEMO-FARM-0425,Kharif 2025,334765.0,413726.0,78961.0,60262.1,100905.4,True
DEMO-FARM-0426,Kharif 2026,57468.4,45207.5,-12260.9,-8865.3,-15764.1,False
DEMO-FARM-0427,Kharif 2025,298747.1,238273.6,-60473.5,-49263.5,-78504.1,False
DEMO-FARM-0428,Kharif 2025,382069.1,305234.1,-76835.0,-64149.4,-95227.2,False
DEMO-FARM-0429,Kharif 2026,149345.0,122317.6,-27027.4,-18967.0,-31734.7,False
DEMO-FARM-0430,Kharif 2025,85327.7,77876.8,-7450.9,-6589.3,-9281.6,False
DEMO-FARM-0431,Kharif 2025,421464.6,415999.2,-5465.4,-4041.7,-6311.1,False
DEMO-FARM-0432,Kharif 2025,434091.7,141312.4,-292779.3,-235619.4,-315004.2,False
DEMO-FARM-0433,Kharif 2026,402218.4,512865.2,110646.8,89708.2,138504.7,True
DEMO-FARM-0434,Kharif 2025,206131.2,81820.7,-124310.5,-96346.3,-143969.4,False
DEMO-FARM-0435,Rabi 2025,350894.6,649338.3,298443.7,280608.6,315731.7,True
DEMO-FARM-0436,Kharif 2025,311992.6,49483.6,-262509.0,-222576.2,-324424.1,False
DEMO-FARM-0437,Rabi 2025,457576.2,498498.4,40922.2,36429.8,50292.7,True
DEMO-FARM-0438,Kharif 2025,276451.4,348908.4,72457.0,63879.0,77148.8,True
DEMO-FARM-0439,Rabi 2025,44721.7,47275.8,2554.1,2128.9,3181.8,True
DEMO-FARM-0440,Kharif 2025,100383.0,136940.0,36557.0,26449.6,38495.0,True
DEMO-FARM-0441,Kharif 2026,96697.9,63456.8,-33241.1,-30038.0,-40822.5,False
DEMO-FARM-0442,Kharif 2025,316321.2,320631.2,4310.0,3461.2,5538.8,True
DEMO-FARM-0443,Kharif 2026,299147.6,241314.6,-57833.0,-51566.8,-74718.2,False
DEMO-FARM-0444,Kharif 2026,178931.9,222486.1,43554.2,40606.8,50972.5,True
DEMO-FARM-0445,Kharif 2025,29890.1,24636.3,-5253.8,-4668.9,-6395.4,False
DEMO-FARM-0446,Kharif 2025,130096.4,88376.2,-41720.2,-37667.6,-52021.8,False
DEMO-FARM-0447,Rabi 2025,414014.6,316640.3,-97374.3,-71892.2,-107933.0,False
DEMO-FARM-0448,Kharif 2026,273888.3,493060.0,219171.7,167980.4,274978.2,True
DEMO-FARM-0449,Kharif 2025,166933.1,178004.1,11071.0,9993.6,12995.5,True
DEMO-FARM-0450,Kharif 2026,89076.5,55024.3,-34052.2,-28781.2,-42794.4,False
DEMO-FARM-0451,Rabi 2025,280307.9,688161.7,407853.8,317370.8,433362.9,True
DEMO-FARM-0452,Kharif 2025,475090.5,373401.0,-101689.5,-83451.4,-130002.8,False
DEMO-FARM-0453,Rabi 2025,141340.9,150987.4,9646.5,8658.9,11013.0,True
DEMO-FARM-0454,Rabi 2025,266402.4,195839.4,-70563.0,-50536.7,-85326.9,False
DEMO-FARM-0455,Kharif 2026,248190.5,342650.6,94460.1,85828.6,114885.9,True
DEMO-FARM-0456,Rabi 2025,100909.1,49120.6,-51788.5,-41755.4,-55975.0,False
DEMO-FARM-0457,Kharif 2026,73109.3,69257.6,-3851.7,-3573.2,-4310.0,False
DEMO-FARM-0458,Rabi 2025,358757.4,136467.8,-222289.6,-168066.9,-278749.9,False
DEMO-FARM-0459,Rabi 2025,326574.4,294636.7,-31937.7,-30190.9,-38805.6,False
DEMO-FARM-0460,Rabi 2025,149435.1,194428.0,44992.9,38523.0,50835.6,True
DEMO-FARM-0461,Rabi 2025,195628.7,175245.6,-20383.1,-14372.2,-22379.6,False
DEMO-FARM-0462,Kharif 2025,50802.3,76723.5,25921.2,21932.1,28197.8,True
DEMO-FARM-0463,Kharif 2025,420806.6,282536.0,-138270.6,-127341.5,-151687.8,False
DEMO-FARM-0464,Kharif 2026,164581.1,102642.6,-61938.5,-51441.5,-72963.8,False
DEMO-FARM-0465,Kharif 2025,334500.3,290783.2,-43717.1,-37202.7,-49481.6,False
DEMO-FARM-0466,Rabi 2025,453186.6,368762.9,-84423.7,-77533.3,-98022.3,False
DEMO-FARM-0467,Rabi 2025,363663.4,318618.1,-45045.3,-39416.4,-54458.8,False
DEMO-FARM-0468,Kharif 2026,444153.9,346126.0,-98027.9,-71490.7,-118188.3,False
DEMO-FARM-0469,Kharif 2026,142842.5,120841.8,-22000.7,-18429.5,-28043.2,False
DEMO-FARM-0470,Kharif 2025,38735.4,59949.4,21214.0,19521.5,23075.3,True
DEMO-FARM-0471,Kharif 2025,247938.6,309084.5,61145.9,44050.8,68706.5,True
DEMO-FARM-0472,Rabi 2025,351747.9,503431.5,151683.6,143591.8,160085.9,True
DEMO-FARM-0473,Rabi 2025,40403.2,37251.9,-3151.3,-2736.0,-3788.3,False
DEMO-FARM-0474,Kharif 2025,294667.3,94064.1,-200603.2,-172848.7,-221580.6,False
DEMO-FARM-0475,Kharif 2025,159283.7,157543.3,-1740.4,-1316.9,-2014.8,False
DEMO-FARM-0476,Kharif 2025,67058.5,32530.2,-34528.3,-24997.3,-36898.8,False
DEMO-FARM-0477,Rabi 2025,39709.1,38615.7,-1093.4,-789.5,-1304.7,False
DEMO-FARM-0478,Kharif 2026,167505.7,67736.2,-99769.5,-79759.3,-112081.5,False
DEMO-FARM-0479,Kharif 2025,477089.1,557677.0,80587.9,62774.3,88793.4,True
DEMO-FARM-0480,Kharif 2026,340369.4,499982.1,159612.7,128149.3,175696.0,True
