revenue_id,farm_id,district,season,crop_type,quantity_sold_kg,price_per_kg,total_revenue,sale_date,buyer_or_mandi
b8bd8602,DEMO-FARM-0001,Krishnagiri,Kharif 2025,Millets,703.8,17.0,11964.6,2025-09-20,Krishnagiri Mandi
211d96e0,DEMO-FARM-0001,Krishnagiri,Kharif 2025,Millets,1211.0,27.2,32939.2,2025-10-20,Krishnagiri Mandi
8f53cd14,DEMO-FARM-0002,Nilgiris,Kharif 2025,Cotton,4071.7,15.3,62297.0,2025-10-01,Nilgiris Mandi
202b406a,DEMO-FARM-0003,Nagapattinam,Kharif 2025,Pulses,3254.8,46.3,150697.2,2025-09-14,Nagapattinam Mandi
2dc18c29,DEMO-FARM-0003,Nagapattinam,Kharif 2025,Pulses,1308.5,59.2,77463.2,2025-10-01,Nagapattinam Mandi
c1b56d60,DEMO-FARM-0003,Nagapattinam,Kharif 2025,Pulses,1764.5,59.8,105517.1,2025-10-28,Nagapattinam Mandi
03d55884,DEMO-FARM-0004,Coimbatore,Kharif 2026,Sugarcane,789.1,28.8,22726.1,2025-09-12,Coimbatore Mandi
3c28ebe5,DEMO-FARM-0005,Kovilpatti,Kharif 2026,Maize,5159.0,47.2,243504.8,2025-09-03,Kovilpatti Mandi
c9768a69,DEMO-FARM-0006,Vellore,Kharif 2026,Groundnut,1494.1,19.5,29134.9,2025-09-02,Vellore Mandi
2cfe2465,DEMO-FARM-0007,Tirunelveli,Kharif 2026,Rice,2625.4,34.9,91626.5,2025-10-24,Tirunelveli Mandi
21dcad84,DEMO-FARM-0007,Tirunelveli,Kharif 2026,Rice,1785.7,20.3,36249.7,2025-09-09,Tirunelveli Mandi
7b35c5fe,DEMO-FARM-0008,Nilgiris,Kharif 2025,Rice,824.2,46.3,38160.5,2025-09-28,Nilgiris Mandi
ce987ec9,DEMO-FARM-0008,Nilgiris,Kharif 2025,Rice,822.0,41.3,33948.6,2025-10-25,Nilgiris Mandi
50850af5,DEMO-FARM-0008,Nilgiris,Kharif 2025,Rice,137.4,27.6,3792.2,2025-10-28,Nilgiris Mandi
3fb5e7d6,DEMO-FARM-0009,Vellore,Kharif 2025,Pulses,7408.1,42.3,313362.6,2025-09-14,Vellore Mandi
ddc79672,DEMO-FARM-0010,Kovilpatti,Rabi 2025,Maize,4312.6,20.8,89702.1,2025-09-20,Kovilpatti Mandi
200b8d6d,DEMO-FARM-0010,Kovilpatti,Rabi 2025,Maize,1755.2,19.2,33699.8,2025-09-29,Kovilpatti Mandi
db75e8cd,DEMO-FARM-0011,Trichy,Rabi 2025,Groundnut,575.8,55.4,31899.3,2025-09-05,Trichy Mandi
d76b1f2f,DEMO-FARM-0011,Trichy,Rabi 2025,Groundnut,1401.7,33.5,46957.0,2025-10-29,Trichy Mandi
e0450ad8,DEMO-FARM-0012,Trichy,Kharif 2026,Rice,5654.3,24.1,136268.6,2025-09-10,Trichy Mandi
87fdfed9,DEMO-FARM-0012,Trichy,Kharif 2026,Rice,1537.7,51.7,79499.1,2025-10-10,Trichy Mandi
5e2265a9,DEMO-FARM-0012,Trichy,Kharif 2026,Rice,3878.5,31.1,120621.4,2025-10-23,Trichy Mandi
32bece9b,DEMO-FARM-0013,Nagapattinam,Kharif 2026,Rice,5386.2,37.8,203598.4,2025-10-07,Nagapattinam Mandi
acf342ab,DEMO-FARM-0013,Nagapattinam,Kharif 2026,Rice,733.3,54.2,39744.9,2025-10-26,Nagapattinam Mandi
db8789b9,DEMO-FARM-0014,Thanjavur,Kharif 2025,Maize,9738.7,34.2,333063.5,2025-10-18,Thanjavur Mandi
76a1c69c,DEMO-FARM-0015,Kovilpatti,Kharif 2025,Sugarcane,4814.3,20.1,96767.4,2025-10-04,Kovilpatti Mandi
c14d56c1,DEMO-FARM-0015,Kovilpatti,Kharif 2025,Sugarcane,5977.2,36.2,216374.6,2025-09-11,Kovilpatti Mandi
24a6dc63,DEMO-FARM-0016,Madurai,Kharif 2025,Sorghum,954.1,49.7,47418.8,2025-09-07,Madurai Mandi
a88d0aad,DEMO-FARM-0016,Madurai,Kharif 2025,Sorghum,344.7,47.8,16476.7,2025-09-30,Madurai Mandi
908d03dc,DEMO-FARM-0016,Madurai,Kharif 2025,Sorghum,1787.1,34.6,61833.7,2025-09-15,Madurai Mandi
f96f1a42,DEMO-FARM-0017,Tirunelveli,Kharif 2025,Rice,52.2,23.3,1216.3,2025-09-24,Tirunelveli Mandi
1170b21d,DEMO-FARM-0017,Tirunelveli,Kharif 2025,Rice,730.9,18.2,13302.4,2025-09-01,Tirunelveli Mandi
9434e28e,DEMO-FARM-0018,Kovilpatti,Rabi 2025,Sugarcane,3367.5,37.1,124934.2,2025-10-30,Kovilpatti Mandi
7cd72056,DEMO-FARM-0018,Kovilpatti,Rabi 2025,Sugarcane,5561.3,35.9,199650.7,2025-10-08,Kovilpatti Mandi
2d9894f3,DEMO-FARM-0019,Nagapattinam,Rabi 2025,Cotton,16565.8,19.8,328002.8,2025-10-16,Nagapattinam Mandi
e686eacf,DEMO-FARM-0020,Nilgiris,Rabi 2025,Cotton,6195.5,31.6,195777.8,2025-10-22,Nilgiris Mandi
802e1b2f,DEMO-FARM-0021,Vellore,Rabi 2025,Millets,5092.5,31.1,158376.8,2025-09-20,Vellore Mandi
5d1221c2,DEMO-FARM-0022,Trichy,Rabi 2025,Groundnut,8407.0,16.8,141237.6,2025-10-23,Trichy Mandi
e5299f06,DEMO-FARM-0022,Trichy,Rabi 2025,Groundnut,5160.5,34.7,179069.4,2025-10-14,Trichy Mandi
32f39305,DEMO-FARM-0023,Thanjavur,Kharif 2026,Rice,4266.0,39.3,167653.8,2025-09-03,Thanjavur Mandi
23b28494,DEMO-FARM-0023,Thanjavur,Kharif 2026,Rice,7169.8,20.5,146980.9,2025-09-14,Thanjavur Mandi
46a26475,DEMO-FARM-0023,Thanjavur,Kharif 2026,Rice,834.3,43.8,36542.3,2025-09-14,Thanjavur Mandi
dd737d20,DEMO-FARM-0024,Coimbatore,Kharif 2026,Sugarcane,3843.9,54.2,208339.4,2025-10-17,Coimbatore Mandi
463bec7c,DEMO-FARM-0025,Nagapattinam,Rabi 2025,Sorghum,3369.3,47.2,159031.0,2025-09-17,Nagapattinam Mandi
a9dfe20c,DEMO-FARM-0025,Nagapattinam,Rabi 2025,Sorghum,2396.8,20.5,49134.4,2025-09-11,Nagapattinam Mandi
089c33e0,DEMO-FARM-0026,Nilgiris,Kharif 2025,Groundnut,829.3,31.5,26122.9,2025-09-21,Nilgiris Mandi
0df49064,DEMO-FARM-0026,Nilgiris,Kharif 2025,Groundnut,1208.2,34.9,42166.2,2025-10-20,Nilgiris Mandi
3a77d77e,DEMO-FARM-0026,Nilgiris,Kharif 2025,Groundnut,1300.3,18.1,23535.4,2025-10-09,Nilgiris Mandi
e0c9196a,DEMO-FARM-0027,Vellore,Rabi 2025,Pulses,5298.9,54.3,287730.3,2025-09-10,Vellore Mandi
59c2e502,DEMO-FARM-0027,Vellore,Rabi 2025,Pulses,4482.9,40.9,183350.6,2025-10-04,Vellore Mandi
dbef2e7c,DEMO-FARM-0027,Vellore,Rabi 2025,Pulses,2417.2,37.6,90886.7,2025-09-24,Vellore Mandi
67a26538,DEMO-FARM-0028,Trichy,Kharif 2025,Rice,939.0,25.5,23944.5,2025-09-14,Trichy Mandi
6f8d3cff,DEMO-FARM-0028,Trichy,Kharif 2025,Rice,766.6,44.5,34113.7,2025-10-21,Trichy Mandi
da09159c,DEMO-FARM-0028,Trichy,Kharif 2025,Rice,2488.0,50.6,125892.8,2025-09-25,Trichy Mandi
a9d2537b,DEMO-FARM-0029,Tirunelveli,Kharif 2026,Groundnut,2654.2,18.2,48306.4,2025-09-05,Tirunelveli Mandi
9b297ee7,DEMO-FARM-0029,Tirunelveli,Kharif 2026,Groundnut,281.5,58.0,16327.0,2025-10-15,Tirunelveli Mandi
ae4ba376,DEMO-FARM-0029,Tirunelveli,Kharif 2026,Groundnut,1430.9,28.3,40494.5,2025-09-21,Tirunelveli Mandi
0529e004,DEMO-FARM-0030,Tirunelveli,Kharif 2026,Groundnut,2181.9,27.1,59129.5,2025-10-03,Tirunelveli Mandi
276cc8aa,DEMO-FARM-0030,Tirunelveli,Kharif 2026,Groundnut,2115.1,19.9,42090.5,2025-10-12,Tirunelveli Mandi
41fdea01,DEMO-FARM-0031,Thanjavur,Rabi 2025,Sorghum,431.1,23.0,9915.3,2025-09-02,Thanjavur Mandi
1a40ebc6,DEMO-FARM-0032,Thanjavur,Kharif 2025,Millets,5273.7,34.6,182470.0,2025-10-27,Thanjavur Mandi
987bb76a,DEMO-FARM-0033,Thanjavur,Rabi 2025,Pulses,331.0,53.3,17642.3,2025-10-04,Thanjavur Mandi
fd4f93b1,DEMO-FARM-0033,Thanjavur,Rabi 2025,Pulses,610.7,20.2,12336.1,2025-10-22,Thanjavur Mandi
69af19b6,DEMO-FARM-0033,Thanjavur,Rabi 2025,Pulses,815.4,18.0,14677.2,2025-10-13,Thanjavur Mandi
5db330c9,DEMO-FARM-0034,Kovilpatti,Rabi 2025,Rice,706.5,46.3,32710.9,2025-10-18,Kovilpatti Mandi
6d644482,DEMO-FARM-0034,Kovilpatti,Rabi 2025,Rice,1195.6,53.6,64084.2,2025-10-25,Kovilpatti Mandi
c339a852,DEMO-FARM-0035,Madurai,Rabi 2025,Sorghum,1496.5,34.6,51778.9,2025-10-05,Madurai Mandi
b1296bc9,DEMO-FARM-0035,Madurai,Rabi 2025,Sorghum,1767.9,51.3,90693.3,2025-10-21,Madurai Mandi
02987473,DEMO-FARM-0036,Tirunelveli,Kharif 2025,Cotton,8424.9,28.6,240952.1,2025-10-06,Tirunelveli Mandi
376c1995,DEMO-FARM-0037,Tirunelveli,Kharif 2026,Cotton,1191.8,26.4,31463.5,2025-09-22,Tirunelveli Mandi
033f141e,DEMO-FARM-0037,Tirunelveli,Kharif 2026,Cotton,4553.7,17.1,77868.3,2025-09-09,Tirunelveli Mandi
3d51a0b0,DEMO-FARM-0038,Nilgiris,Kharif 2025,Cotton,1373.5,44.9,61670.2,2025-10-19,Nilgiris Mandi
050ab3ea,DEMO-FARM-0038,Nilgiris,Kharif 2025,Cotton,3072.9,19.2,58999.7,2025-10-06,Nilgiris Mandi
c94161d8,DEMO-FARM-0039,Vellore,Kharif 2025,Millets,1203.5,22.0,26477.0,2025-09-02,Vellore Mandi
325bcd02,DEMO-FARM-0040,Madurai,Kharif 2026,Millets,599.6,35.0,20986.0,2025-10-08,Madurai Mandi
2e6368ea,DEMO-FARM-0040,Madurai,Kharif 2026,Millets,1595.1,33.1,52797.8,2025-10-30,Madurai Mandi
d3b6453d,DEMO-FARM-0040,Madurai,Kharif 2026,Millets,2709.3,43.1,116770.8,2025-10-05,Madurai Mandi
51fbbfb4,DEMO-FARM-0041,Nilgiris,Kharif 2025,Sorghum,4495.5,49.3,221628.1,2025-10-26,Nilgiris Mandi
7b292876,DEMO-FARM-0041,Nilgiris,Kharif 2025,Sorghum,569.2,54.2,30850.6,2025-10-02,Nilgiris Mandi
0992da85,DEMO-FARM-0041,Nilgiris,Kharif 2025,Sorghum,3929.1,44.0,172880.4,2025-10-20,Nilgiris Mandi
6780752a,DEMO-FARM-0042,Nagapattinam,Kharif 2026,Maize,1396.3,20.5,28624.1,2025-10-24,Nagapattinam Mandi
64271044,DEMO-FARM-0042,Nagapattinam,Kharif 2026,Maize,1115.3,35.2,39258.6,2025-10-06,Nagapattinam Mandi
678b65a5,DEMO-FARM-0042,Nagapattinam,Kharif 2026,Maize,1351.6,18.2,24599.1,2025-10-11,Nagapattinam Mandi
6c74a269,DEMO-FARM-0043,Madurai,Rabi 2025,Millets,4393.6,60.0,263616.0,2025-09-07,Madurai Mandi
c0c7246b,DEMO-FARM-0043,Madurai,Rabi 2025,Millets,3548.4,32.3,114613.3,2025-10-22,Madurai Mandi
02db9492,DEMO-FARM-0043,Madurai,Rabi 2025,Millets,3407.7,20.0,68154.0,2025-10-09,Madurai Mandi
56535943,DEMO-FARM-0044,Tirunelveli,Kharif 2025,Millets,377.1,31.5,11878.7,2025-09-11,Tirunelveli Mandi
26dea69e,DEMO-FARM-0044,Tirunelveli,Kharif 2025,Millets,421.1,29.9,12590.9,2025-09-21,Tirunelveli Mandi
7e4ee682,DEMO-FARM-0044,Tirunelveli,Kharif 2025,Millets,673.2,25.0,16830.0,2025-10-09,Tirunelveli Mandi
a6b30c88,DEMO-FARM-0045,Coimbatore,Kharif 2025,Millets,6757.3,34.5,233126.9,2025-09-03,Coimbatore Mandi
a9453249,DEMO-FARM-0045,Coimbatore,Kharif 2025,Millets,2593.3,35.0,90765.5,2025-09-13,Coimbatore Mandi
5e3a8f5c,DEMO-FARM-0046,Kovilpatti,Kharif 2026,Cotton,1879.1,17.6,33072.2,2025-09-27,Kovilpatti Mandi
ba2b843a,DEMO-FARM-0047,Nilgiris,Kharif 2025,Pulses,1282.2,33.7,43210.1,2025-10-02,Nilgiris Mandi
8cb7bb7b,DEMO-FARM-0048,Coimbatore,Rabi 2025,Cotton,2333.9,30.1,70250.4,2025-10-29,Coimbatore Mandi
0584f507,DEMO-FARM-0049,Tirunelveli,Kharif 2026,Cotton,4362.0,18.2,79388.4,2025-09-13,Tirunelveli Mandi
1f4b2e14,DEMO-FARM-0049,Tirunelveli,Kharif 2026,Cotton,2637.5,59.2,156140.0,2025-10-18,Tirunelveli Mandi
26562cf6,DEMO-FARM-0049,Tirunelveli,Kharif 2026,Cotton,4687.8,20.2,94693.6,2025-10-17,Tirunelveli Mandi
0d4be181,DEMO-FARM-0050,Trichy,Kharif 2025,Sugarcane,2867.3,31.8,91180.1,2025-09-04,Trichy Mandi
a070167e,DEMO-FARM-0050,Trichy,Kharif 2025,Sugarcane,2876.7,32.4,93205.1,2025-10-27,Trichy Mandi
d955b129,DEMO-FARM-0051,Nagapattinam,Kharif 2026,Millets,7544.4,26.2,197663.3,2025-10-13,Nagapattinam Mandi
e6ef5a45,DEMO-FARM-0051,Nagapattinam,Kharif 2026,Millets,5365.6,34.9,187259.4,2025-10-09,Nagapattinam Mandi
6f1faac8,DEMO-FARM-0052,Coimbatore,Rabi 2025,Groundnut,3034.2,15.6,47333.5,2025-09-18,Coimbatore Mandi
b5640c23,DEMO-FARM-0052,Coimbatore,Rabi 2025,Groundnut,3313.2,33.5,110992.2,2025-10-14,Coimbatore Mandi
f01f5aea,DEMO-FARM-0052,Coimbatore,Rabi 2025,Groundnut,2848.7,37.0,105401.9,2025-09-26,Coimbatore Mandi
cb163611,DEMO-FARM-0053,Krishnagiri,Kharif 2025,Maize,13238.9,46.4,614285.0,2025-10-16,Krishnagiri Mandi
4a29c4e8,DEMO-FARM-0054,Nagapattinam,Kharif 2025,Pulses,4760.9,55.9,266134.3,2025-10-16,Nagapattinam Mandi
29b2cdb2,DEMO-FARM-0054,Nagapattinam,Kharif 2025,Pulses,3875.1,44.4,172054.4,2025-10-24,Nagapattinam Mandi
af22c585,DEMO-FARM-0055,Coimbatore,Rabi 2025,Sugarcane,5617.8,59.8,335944.4,2025-10-20,Coimbatore Mandi
7f83657e,DEMO-FARM-0055,Coimbatore,Rabi 2025,Sugarcane,5293.8,26.2,138697.6,2025-10-05,Coimbatore Mandi
cca8cbbc,DEMO-FARM-0055,Coimbatore,Rabi 2025,Sugarcane,801.2,19.3,15463.2,2025-10-30,Coimbatore Mandi
98378c21,DEMO-FARM-0056,Nilgiris,Kharif 2025,Sorghum,1936.8,22.0,42609.6,2025-10-09,Nilgiris Mandi
045cb22b,DEMO-FARM-0056,Nilgiris,Kharif 2025,Sorghum,3746.7,23.1,86548.8,2025-10-13,Nilgiris Mandi
2beb7440,DEMO-FARM-0057,Trichy,Kharif 2026,Rice,9071.5,58.5,530682.8,2025-09-27,Trichy Mandi
f08d9b96,DEMO-FARM-0058,Vellore,Kharif 2026,Groundnut,7691.9,33.3,256140.3,2025-09-20,Vellore Mandi
35efff7d,DEMO-FARM-0059,Thanjavur,Kharif 2025,Sorghum,1256.9,55.9,70260.7,2025-09-29,Thanjavur Mandi
ecce1557,DEMO-FARM-0059,Thanjavur,Kharif 2025,Sorghum,2183.2,49.2,107413.4,2025-09-10,Thanjavur Mandi
f14986f6,DEMO-FARM-0059,Thanjavur,Kharif 2025,Sorghum,2268.3,34.3,77802.7,2025-10-06,Thanjavur Mandi
273b6dff,DEMO-FARM-0060,Krishnagiri,Rabi 2025,Sugarcane,1788.4,42.9,76722.4,2025-10-06,Krishnagiri Mandi
460af5e6,DEMO-FARM-0060,Krishnagiri,Rabi 2025,Sugarcane,2814.8,30.8,86695.8,2025-10-25,Krishnagiri Mandi
2f8247af,DEMO-FARM-0061,Thanjavur,Kharif 2025,Rice,1063.8,32.6,34679.9,2025-09-22,Thanjavur Mandi
9bf1782a,DEMO-FARM-0062,Krishnagiri,Kharif 2026,Millets,616.5,45.6,28112.4,2025-09-05,Krishnagiri Mandi
fae3eb83,DEMO-FARM-0062,Krishnagiri,Kharif 2026,Millets,3440.7,42.1,144853.5,2025-10-27,Krishnagiri Mandi
05754394,DEMO-FARM-0062,Krishnagiri,Kharif 2026,Millets,2679.0,26.2,70189.8,2025-10-10,Krishnagiri Mandi
4ada2620,DEMO-FARM-0063,Madurai,Kharif 2025,Rice,3222.7,19.8,63809.5,2025-10-17,Madurai Mandi
330a85ba,DEMO-FARM-0063,Madurai,Kharif 2025,Rice,5973.0,34.5,206068.5,2025-09-15,Madurai Mandi
c6007c24,DEMO-FARM-0064,Nilgiris,Kharif 2025,Maize,4115.4,21.1,86834.9,2025-09-14,Nilgiris Mandi
c93b7c2f,DEMO-FARM-0064,Nilgiris,Kharif 2025,Maize,3697.3,56.7,209636.9,2025-09-26,Nilgiris Mandi
c6b7fbcb,DEMO-FARM-0065,Trichy,Kharif 2026,Sorghum,4254.0,30.2,128470.8,2025-09-19,Trichy Mandi
40cc53cc,DEMO-FARM-0066,Nagapattinam,Kharif 2026,Groundnut,2253.0,21.5,48439.5,2025-09-02,Nagapattinam Mandi
fa7f3689,DEMO-FARM-0066,Nagapattinam,Kharif 2026,Groundnut,2683.9,57.4,154055.9,2025-09-20,Nagapattinam Mandi
9023f14c,DEMO-FARM-0067,Vellore,Rabi 2025,Cotton,4393.7,43.5,191125.9,2025-10-06,Vellore Mandi
8078ae96,DEMO-FARM-0068,Trichy,Kharif 2025,Millets,5472.0,34.9,190972.8,2025-10-08,Trichy Mandi
77b8b94a,DEMO-FARM-0069,Trichy,Kharif 2026,Sorghum,718.7,44.6,32054.0,2025-10-30,Trichy Mandi
9f9b5798,DEMO-FARM-0069,Trichy,Kharif 2026,Sorghum,1611.4,31.0,49953.4,2025-09-25,Trichy Mandi
ca6847d5,DEMO-FARM-0070,Vellore,Kharif 2026,Cotton,114.7,55.3,6342.9,2025-09-09,Vellore Mandi
09f31421,DEMO-FARM-0071,Trichy,Kharif 2026,Pulses,1690.4,59.8,101085.9,2025-09-13,Trichy Mandi
ff6a2484,DEMO-FARM-0071,Trichy,Kharif 2026,Pulses,941.1,20.1,18916.1,2025-10-26,Trichy Mandi
ab47072d,DEMO-FARM-0071,Trichy,Kharif 2026,Pulses,2425.4,52.0,126120.8,2025-10-25,Trichy Mandi
c9ade974,DEMO-FARM-0072,Kovilpatti,Kharif 2025,Sugarcane,1233.7,38.5,47497.5,2025-09-05,Kovilpatti Mandi
92727a9b,DEMO-FARM-0072,Kovilpatti,Kharif 2025,Sugarcane,702.7,58.1,40826.9,2025-10-24,Kovilpatti Mandi
d85f1ba6,DEMO-FARM-0072,Kovilpatti,Kharif 2025,Sugarcane,2012.9,35.7,71860.5,2025-10-11,Kovilpatti Mandi
e8941d29,DEMO-FARM-0073,Krishnagiri,Rabi 2025,Millets,1266.1,41.9,53049.6,2025-10-19,Krishnagiri Mandi
9c6e26b9,DEMO-FARM-0073,Krishnagiri,Rabi 2025,Millets,659.5,48.7,32117.7,2025-10-25,Krishnagiri Mandi
5b9e6d5b,DEMO-FARM-0074,Kovilpatti,Kharif 2026,Rice,1931.6,31.5,60845.4,2025-09-09,Kovilpatti Mandi
0c30cbeb,DEMO-FARM-0074,Kovilpatti,Kharif 2026,Rice,673.3,29.1,19593.0,2025-10-09,Kovilpatti Mandi
f83c2699,DEMO-FARM-0075,Trichy,Kharif 2026,Sorghum,2268.4,50.7,115007.9,2025-10-29,Trichy Mandi
7945d094,DEMO-FARM-0075,Trichy,Kharif 2026,Sorghum,4150.9,57.0,236601.3,2025-09-25,Trichy Mandi
d1ef93a4,DEMO-FARM-0075,Trichy,Kharif 2026,Sorghum,2233.6,46.8,104532.5,2025-10-26,Trichy Mandi
ad434302,DEMO-FARM-0076,Kovilpatti,Kharif 2026,Millets,2074.1,15.0,31111.5,2025-10-25,Kovilpatti Mandi
b361583f,DEMO-FARM-0076,Kovilpatti,Kharif 2026,Millets,6522.5,48.4,315689.0,2025-09-11,Kovilpatti Mandi
f80254af,DEMO-FARM-0077,Trichy,Rabi 2025,Sorghum,20287.6,17.7,359090.5,2025-09-18,Trichy Mandi
c6641e2a,DEMO-FARM-0078,Kovilpatti,Rabi 2025,Pulses,3627.8,23.6,85616.1,2025-09-09,Kovilpatti Mandi
81a75ba7,DEMO-FARM-0078,Kovilpatti,Rabi 2025,Pulses,5238.6,56.3,294933.2,2025-10-24,Kovilpatti Mandi
ad028827,DEMO-FARM-0078,Kovilpatti,Rabi 2025,Pulses,3616.2,51.4,185872.7,2025-09-05,Kovilpatti Mandi
79eb5730,DEMO-FARM-0079,Kovilpatti,Rabi 2025,Sugarcane,10405.5,24.1,250772.6,2025-10-24,Kovilpatti Mandi
72192a11,DEMO-FARM-0080,Thanjavur,Kharif 2026,Rice,2731.8,35.1,95886.2,2025-09-08,Thanjavur Mandi
c4322f74,DEMO-FARM-0080,Thanjavur,Kharif 2026,Rice,2341.9,15.0,35128.5,2025-09-03,Thanjavur Mandi
7c9acf2d,DEMO-FARM-0081,Nagapattinam,Kharif 2026,Groundnut,8746.5,47.7,417208.1,2025-10-26,Nagapattinam Mandi
f8db11e1,DEMO-FARM-0082,Kovilpatti,Rabi 2025,Rice,1195.7,47.4,56676.2,2025-10-03,Kovilpatti Mandi
e1565486,DEMO-FARM-0082,Kovilpatti,Rabi 2025,Rice,2672.0,26.3,70273.6,2025-09-07,Kovilpatti Mandi
f682fa4a,DEMO-FARM-0083,Coimbatore,Kharif 2026,Rice,8929.4,36.4,325030.2,2025-10-11,Coimbatore Mandi
308524ea,DEMO-FARM-0083,Coimbatore,Kharif 2026,Rice,4616.7,28.4,131114.3,2025-10-08,Coimbatore Mandi
3a3020c4,DEMO-FARM-0084,Thanjavur,Rabi 2025,Sugarcane,1649.5,29.7,48990.2,2025-10-16,Thanjavur Mandi
ad070c56,DEMO-FARM-0084,Thanjavur,Rabi 2025,Sugarcane,2644.1,42.4,112109.8,2025-09-27,Thanjavur Mandi
a70dea16,DEMO-FARM-0085,Nilgiris,Kharif 2025,Maize,3021.5,57.3,173131.9,2025-09-21,Nilgiris Mandi
431f6d0e,DEMO-FARM-0086,Nilgiris,Rabi 2025,Maize,7826.3,36.3,284094.7,2025-10-13,Nilgiris Mandi
c65335d8,DEMO-FARM-0087,Trichy,Kharif 2025,Sorghum,2053.1,20.9,42909.8,2025-09-16,Trichy Mandi
2906a180,DEMO-FARM-0087,Trichy,Kharif 2025,Sorghum,2911.7,47.3,137723.4,2025-09-08,Trichy Mandi
a99a379c,DEMO-FARM-0087,Trichy,Kharif 2025,Sorghum,2993.7,39.8,119149.3,2025-10-01,Trichy Mandi
eef07c48,DEMO-FARM-0088,Thanjavur,Kharif 2025,Groundnut,10518.7,58.0,610084.6,2025-10-19,Thanjavur Mandi
9bd4b1a0,DEMO-FARM-0088,Thanjavur,Kharif 2025,Groundnut,3142.8,18.1,56884.7,2025-09-20,Thanjavur Mandi
3131fde9,DEMO-FARM-0089,Vellore,Kharif 2025,Millets,16053.6,41.0,658197.6,2025-10-09,Vellore Mandi
1b5c4029,DEMO-FARM-0090,Trichy,Kharif 2026,Rice,1362.1,26.5,36095.6,2025-10-17,Trichy Mandi
708b1ce9,DEMO-FARM-0090,Trichy,Kharif 2026,Rice,1836.3,41.5,76206.4,2025-09-13,Trichy Mandi
e7809148,DEMO-FARM-0090,Trichy,Kharif 2026,Rice,375.7,17.9,6725.0,2025-10-06,Trichy Mandi
fb52aae6,DEMO-FARM-0091,Nilgiris,Kharif 2025,Sugarcane,1420.8,59.9,85105.9,2025-10-03,Nilgiris Mandi
40e2e35a,DEMO-FARM-0091,Nilgiris,Kharif 2025,Sugarcane,1841.4,59.8,110115.7,2025-10-28,Nilgiris Mandi
607f865f,DEMO-FARM-0092,Tirunelveli,Kharif 2026,Cotton,1755.8,42.6,74797.1,2025-09-14,Tirunelveli Mandi
16954b99,DEMO-FARM-0092,Tirunelveli,Kharif 2026,Cotton,3910.8,45.8,179114.6,2025-09-12,Tirunelveli Mandi
769ce75f,DEMO-FARM-0092,Tirunelveli,Kharif 2026,Cotton,3753.7,36.1,135508.6,2025-09-05,Tirunelveli Mandi
4de307b8,DEMO-FARM-0093,Trichy,Kharif 2025,Millets,5325.4,16.3,86804.0,2025-09-23,Trichy Mandi
d8ee4e61,DEMO-FARM-0093,Trichy,Kharif 2025,Millets,4701.6,21.6,101554.6,2025-10-20,Trichy Mandi
2770a4b4,DEMO-FARM-0094,Tirunelveli,Rabi 2025,Sorghum,6696.7,51.6,345549.7,2025-10-13,Tirunelveli Mandi
8e468c74,DEMO-FARM-0094,Tirunelveli,Rabi 2025,Sorghum,2228.1,56.0,124773.6,2025-09-10,Tirunelveli Mandi
0998cbb4,DEMO-FARM-0095,Thanjavur,Rabi 2025,Maize,8414.1,23.7,199414.2,2025-09-28,Thanjavur Mandi
ffd286ee,DEMO-FARM-0096,Nilgiris,Rabi 2025,Pulses,4103.1,43.1,176843.6,2025-09-09,Nilgiris Mandi
a9f196f0,DEMO-FARM-0096,Nilgiris,Rabi 2025,Pulses,791.4,53.0,41944.2,2025-09-09,Nilgiris Mandi
f5ca4734,DEMO-FARM-0097,Krishnagiri,Kharif 2025,Maize,2591.5,54.4,140977.6,2025-09-08,Krishnagiri Mandi
45476111,DEMO-FARM-0097,Krishnagiri,Kharif 2025,Maize,6138.3,19.6,120310.7,2025-10-08,Krishnagiri Mandi
e84f423a,DEMO-FARM-0098,Madurai,Kharif 2025,Groundnut,3919.2,49.2,192824.6,2025-09-13,Madurai Mandi
1e613e1d,DEMO-FARM-0098,Madurai,Kharif 2025,Groundnut,5782.0,16.0,92512.0,2025-09-26,Madurai Mandi
a2520fc8,DEMO-FARM-0099,Trichy,Kharif 2025,Groundnut,3140.1,49.0,153864.9,2025-09-06,Trichy Mandi
efddd106,DEMO-FARM-0100,Trichy,Kharif 2026,Rice,7442.9,19.7,146625.1,2025-09-17,Trichy Mandi
8f543874,DEMO-FARM-0100,Trichy,Kharif 2026,Rice,4389.8,40.5,177786.9,2025-09-01,Trichy Mandi
cf632200,DEMO-FARM-0100,Trichy,Kharif 2026,Rice,6321.8,31.3,197872.3,2025-09-25,Trichy Mandi
7a979eb0,DEMO-FARM-0101,Krishnagiri,Kharif 2026,Pulses,628.2,39.1,24562.6,2025-09-06,Krishnagiri Mandi
d090f4a6,DEMO-FARM-0102,Nagapattinam,Kharif 2026,Maize,2045.0,56.4,115338.0,2025-10-29,Nagapattinam Mandi
50eff405,DEMO-FARM-0102,Nagapattinam,Kharif 2026,Maize,1953.4,35.6,69541.0,2025-10-27,Nagapattinam Mandi
626c6c4e,DEMO-FARM-0102,Nagapattinam,Kharif 2026,Maize,2378.2,17.9,42569.8,2025-09-28,Nagapattinam Mandi
26c1b1fb,DEMO-FARM-0103,Kovilpatti,Kharif 2025,Rice,11790.4,50.9,600131.4,2025-09-17,Kovilpatti Mandi
cf1f8848,DEMO-FARM-0104,Thanjavur,Rabi 2025,Sorghum,4795.8,39.3,188474.9,2025-10-15,Thanjavur Mandi
5aec130a,DEMO-FARM-0105,Vellore,Kharif 2026,Sorghum,1531.7,47.2,72296.2,2025-10-08,Vellore Mandi
153031c5,DEMO-FARM-0106,Trichy,Kharif 2025,Cotton,3294.4,53.4,175921.0,2025-10-15,Trichy Mandi
de97602e,DEMO-FARM-0106,Trichy,Kharif 2025,Cotton,2486.4,20.3,50473.9,2025-09-16,Trichy Mandi
f6d9f686,DEMO-FARM-0106,Trichy,Kharif 2025,Cotton,7176.8,41.2,295684.2,2025-10-03,Trichy Mandi
9b10f2e5,DEMO-FARM-0107,Nagapattinam,Kharif 2026,Groundnut,7930.5,34.9,276774.5,2025-09-21,Nagapattinam Mandi
e1552502,DEMO-FARM-0108,Thanjavur,Kharif 2026,Sugarcane,2022.7,26.0,52590.2,2025-09-29,Thanjavur Mandi
91543ba2,DEMO-FARM-0108,Thanjavur,Kharif 2026,Sugarcane,1725.7,54.9,94740.9,2025-10-24,Thanjavur Mandi
ba276a6a,DEMO-FARM-0108,Thanjavur,Kharif 2026,Sugarcane,2127.9,16.6,35323.1,2025-10-05,Thanjavur Mandi
4beb32b2,DEMO-FARM-0109,Trichy,Kharif 2025,Pulses,7432.5,29.2,217029.0,2025-10-14,Trichy Mandi
810bce31,DEMO-FARM-0110,Nilgiris,Kharif 2025,Groundnut,14029.7,47.4,665007.8,2025-10-15,Nilgiris Mandi
d9a519b9,DEMO-FARM-0111,Nagapattinam,Kharif 2026,Pulses,2113.2,17.4,36769.7,2025-09-14,Nagapattinam Mandi
ac61b8ae,DEMO-FARM-0111,Nagapattinam,Kharif 2026,Pulses,5526.5,53.3,294562.5,2025-09-29,Nagapattinam Mandi
1c12971b,DEMO-FARM-0111,Nagapattinam,Kharif 2026,Pulses,3084.9,59.0,182009.1,2025-09-13,Nagapattinam Mandi
2a5ab79c,DEMO-FARM-0112,Tirunelveli,Kharif 2026,Sugarcane,2273.6,39.6,90034.6,2025-09-27,Tirunelveli Mandi
19b4d3da,DEMO-FARM-0112,Tirunelveli,Kharif 2026,Sugarcane,3846.3,52.3,201161.5,2025-10-17,Tirunelveli Mandi
c7299db6,DEMO-FARM-0113,Nagapattinam,Rabi 2025,Sorghum,5639.6,44.1,248706.4,2025-09-10,Nagapattinam Mandi
36be6e9c,DEMO-FARM-0114,Nagapattinam,Kharif 2025,Sorghum,1857.4,55.0,102157.0,2025-09-01,Nagapattinam Mandi
ec0fa607,DEMO-FARM-0114,Nagapattinam,Kharif 2025,Sorghum,1645.0,58.2,95739.0,2025-10-07,Nagapattinam Mandi
ceff4f48,DEMO-FARM-0114,Nagapattinam,Kharif 2025,Sorghum,2008.4,18.0,36151.2,2025-09-02,Nagapattinam Mandi
41198348,DEMO-FARM-0115,Nilgiris,Kharif 2025,Rice,1955.6,41.1,80375.2,2025-10-14,Nilgiris Mandi
11a31f71,DEMO-FARM-0115,Nilgiris,Kharif 2025,Rice,2444.6,43.3,105851.2,2025-10-12,Nilgiris Mandi
a76201bb,DEMO-FARM-0116,Nagapattinam,Kharif 2026,Maize,2959.7,58.6,173438.4,2025-09-16,Nagapattinam Mandi
15b8da19,DEMO-FARM-0116,Nagapattinam,Kharif 2026,Maize,4495.8,39.6,178033.7,2025-10-05,Nagapattinam Mandi
4a39d7ee,DEMO-FARM-0116,Nagapattinam,Kharif 2026,Maize,2004.5,40.3,80781.3,2025-09-05,Nagapattinam Mandi
e252c6d7,DEMO-FARM-0117,Krishnagiri,Rabi 2025,Millets,7680.6,52.1,400159.3,2025-10-22,Krishnagiri Mandi
3c03abab,DEMO-FARM-0118,Vellore,Kharif 2026,Cotton,4992.8,37.0,184733.6,2025-10-01,Vellore Mandi
0d6d1a70,DEMO-FARM-0118,Vellore,Kharif 2026,Cotton,2213.0,35.5,78561.5,2025-09-29,Vellore Mandi
17d990af,DEMO-FARM-0119,Tirunelveli,Kharif 2025,Sorghum,4868.0,52.1,253622.8,2025-09-30,Tirunelveli Mandi
429c2a88,DEMO-FARM-0120,Madurai,Kharif 2026,Sorghum,2369.4,52.6,124630.4,2025-10-10,Madurai Mandi
5fb81b6c,DEMO-FARM-0121,Trichy,Kharif 2025,Groundnut,895.5,25.8,23103.9,2025-10-18,Trichy Mandi
6a2325be,DEMO-FARM-0121,Trichy,Kharif 2025,Groundnut,320.9,31.6,10140.4,2025-10-01,Trichy Mandi
2eaa1d3c,DEMO-FARM-0121,Trichy,Kharif 2025,Groundnut,1586.2,47.8,75820.4,2025-09-22,Trichy Mandi
cfa901d1,DEMO-FARM-0122,Tirunelveli,Kharif 2025,Rice,1058.0,57.0,60306.0,2025-09-30,Tirunelveli Mandi
9120340f,DEMO-FARM-0122,Tirunelveli,Kharif 2025,Rice,2515.5,48.0,120744.0,2025-09-23,Tirunelveli Mandi
8e45a3ed,DEMO-FARM-0123,Trichy,Kharif 2025,Cotton,1022.0,30.0,30660.0,2025-09-27,Trichy Mandi
77e1bafb,DEMO-FARM-0123,Trichy,Kharif 2025,Cotton,654.9,22.4,14669.8,2025-10-12,Trichy Mandi
93fdc683,DEMO-FARM-0124,Krishnagiri,Kharif 2025,Pulses,277.4,39.9,11068.3,2025-10-16,Krishnagiri Mandi
a826cf31,DEMO-FARM-0124,Krishnagiri,Kharif 2025,Pulses,1647.8,52.8,87003.8,2025-09-03,Krishnagiri Mandi
058ef248,DEMO-FARM-0124,Krishnagiri,Kharif 2025,Pulses,1186.0,25.7,30480.2,2025-09-27,Krishnagiri Mandi
1c4e2b6e,DEMO-FARM-0125,Coimbatore,Kharif 2026,Groundnut,11502.7,30.2,347381.5,2025-09-29,Coimbatore Mandi
de22eda2,DEMO-FARM-0126,Trichy,Kharif 2025,Cotton,3630.5,16.6,60266.3,2025-10-02,Trichy Mandi
31f0f2c5,DEMO-FARM-0126,Trichy,Kharif 2025,Cotton,3008.0,24.3,73094.4,2025-10-25,Trichy Mandi
3cd0c2f3,DEMO-FARM-0127,Kovilpatti,Rabi 2025,Pulses,5633.9,53.2,299723.5,2025-10-13,Kovilpatti Mandi
142f6b40,DEMO-FARM-0128,Nagapattinam,Kharif 2026,Millets,455.1,42.1,19159.7,2025-09-04,Nagapattinam Mandi
f7c9000d,DEMO-FARM-0128,Nagapattinam,Kharif 2026,Millets,3261.1,38.8,126530.7,2025-10-11,Nagapattinam Mandi
9879d132,DEMO-FARM-0128,Nagapattinam,Kharif 2026,Millets,3050.9,21.8,66509.6,2025-09-03,Nagapattinam Mandi
52ee48d9,DEMO-FARM-0129,Krishnagiri,Kharif 2025,Millets,1912.3,26.2,50102.3,2025-09-21,Krishnagiri Mandi
c26c4763,DEMO-FARM-0130,Nilgiris,Kharif 2025,Sugarcane,1012.1,48.0,48580.8,2025-10-12,Nilgiris Mandi
a8d4576c,DEMO-FARM-0130,Nilgiris,Kharif 2025,Sugarcane,1883.0,26.2,49334.6,2025-10-07,Nilgiris Mandi
8ac5fb64,DEMO-FARM-0130,Nilgiris,Kharif 2025,Sugarcane,1366.7,31.6,43187.7,2025-09-30,Nilgiris Mandi
ce1c2c23,DEMO-FARM-0131,Krishnagiri,Kharif 2025,Sorghum,5605.9,36.4,204054.8,2025-10-18,Krishnagiri Mandi
6f0bbe18,DEMO-FARM-0131,Krishnagiri,Kharif 2025,Sorghum,1816.5,29.0,52678.5,2025-10-07,Krishnagiri Mandi
5fcaf3f4,DEMO-FARM-0132,Trichy,Rabi 2025,Sorghum,3794.5,25.4,96380.3,2025-09-22,Trichy Mandi
3cc2a2f3,DEMO-FARM-0133,Vellore,Kharif 2025,Maize,952.8,49.1,46782.5,2025-09-02,Vellore Mandi
a9fd6d7f,DEMO-FARM-0133,Vellore,Kharif 2025,Maize,3320.5,15.6,51799.8,2025-10-10,Vellore Mandi
8e9ce0a4,DEMO-FARM-0134,Thanjavur,Kharif 2025,Sugarcane,1367.1,30.3,41423.1,2025-10-03,Thanjavur Mandi
b1540c49,DEMO-FARM-0134,Thanjavur,Kharif 2025,Sugarcane,4180.8,24.5,102429.6,2025-10-11,Thanjavur Mandi
6a11f48c,DEMO-FARM-0134,Thanjavur,Kharif 2025,Sugarcane,4141.1,40.1,166058.1,2025-10-25,Thanjavur Mandi
917d6f89,DEMO-FARM-0135,Trichy,Rabi 2025,Sugarcane,761.8,58.9,44870.0,2025-09-20,Trichy Mandi
d572068b,DEMO-FARM-0135,Trichy,Rabi 2025,Sugarcane,902.0,19.1,17228.2,2025-10-07,Trichy Mandi
ace3f241,DEMO-FARM-0135,Trichy,Rabi 2025,Sugarcane,218.0,58.2,12687.6,2025-10-13,Trichy Mandi
3ff3766a,DEMO-FARM-0136,Nagapattinam,Kharif 2026,Maize,11591.4,45.3,525090.4,2025-09-07,Nagapattinam Mandi
2fa384be,DEMO-FARM-0137,Tirunelveli,Kharif 2025,Groundnut,763.4,41.8,31910.1,2025-10-25,Tirunelveli Mandi
0264a7e9,DEMO-FARM-0137,Tirunelveli,Kharif 2025,Groundnut,3818.6,23.3,88973.4,2025-10-10,Tirunelveli Mandi
345bc2e1,DEMO-FARM-0138,Vellore,Rabi 2025,Groundnut,1251.2,27.3,34157.8,2025-09-24,Vellore Mandi
9e5a15ab,DEMO-FARM-0139,Trichy,Kharif 2026,Pulses,746.6,33.4,24936.4,2025-09-18,Trichy Mandi
ef8755da,DEMO-FARM-0140,Tirunelveli,Rabi 2025,Sorghum,2125.8,30.7,65262.1,2025-10-08,Tirunelveli Mandi
3bbe7908,DEMO-FARM-0140,Tirunelveli,Rabi 2025,Sorghum,3426.8,44.2,151464.6,2025-10-15,Tirunelveli Mandi
ad21fc78,DEMO-FARM-0140,Tirunelveli,Rabi 2025,Sorghum,3913.5,53.9,210937.6,2025-10-11,Tirunelveli Mandi
a9b24725,DEMO-FARM-0141,Vellore,Rabi 2025,Sugarcane,4471.6,38.5,172156.6,2025-10-24,Vellore Mandi
2d3c5ab5,DEMO-FARM-0141,Vellore,Rabi 2025,Sugarcane,1419.6,51.2,72683.5,2025-10-18,Vellore Mandi
51358935,DEMO-FARM-0142,Coimbatore,Kharif 2025,Pulses,3891.2,41.4,161095.7,2025-09-22,Coimbatore Mandi
0b08cdf8,DEMO-FARM-0143,Tirunelveli,Kharif 2025,Groundnut,2159.7,24.6,53128.6,2025-10-06,Tirunelveli Mandi
3d983896,DEMO-FARM-0143,Tirunelveli,Kharif 2025,Groundnut,2496.3,16.5,41189.0,2025-09-20,Tirunelveli Mandi
147eae15,DEMO-FARM-0143,Tirunelveli,Kharif 2025,Groundnut,4280.0,46.0,196880.0,2025-10-14,Tirunelveli Mandi
1eede5b0,DEMO-FARM-0144,Nagapattinam,Rabi 2025,Groundnut,2358.3,53.9,127112.4,2025-10-17,Nagapattinam Mandi
a8c3d9f8,DEMO-FARM-0144,Nagapattinam,Rabi 2025,Groundnut,6304.7,26.1,164552.7,2025-10-05,Nagapattinam Mandi
b7d24fd4,DEMO-FARM-0144,Nagapattinam,Rabi 2025,Groundnut,2176.4,52.1,113390.4,2025-09-01,Nagapattinam Mandi
8a46bac7,DEMO-FARM-0145,Krishnagiri,Kharif 2025,Pulses,10031.8,43.4,435380.1,2025-09-21,Krishnagiri Mandi
7995ed4b,DEMO-FARM-0146,Kovilpatti,Kharif 2025,Cotton,1928.2,37.7,72693.1,2025-09-02,Kovilpatti Mandi
14cdc87e,DEMO-FARM-0146,Kovilpatti,Kharif 2025,Cotton,1206.4,54.9,66231.4,2025-10-16,Kovilpatti Mandi
fa09e284,DEMO-FARM-0147,Coimbatore,Rabi 2025,Sorghum,7883.2,33.7,265663.8,2025-10-07,Coimbatore Mandi
d655d1d7,DEMO-FARM-0147,Coimbatore,Rabi 2025,Sorghum,5960.8,57.8,344534.2,2025-09-15,Coimbatore Mandi
3f25d648,DEMO-FARM-0148,Coimbatore,Kharif 2026,Millets,7502.2,20.1,150794.2,2025-10-11,Coimbatore Mandi
f44a9215,DEMO-FARM-0149,Madurai,Rabi 2025,Cotton,7743.1,30.2,233841.6,2025-09-08,Madurai Mandi
98663d90,DEMO-FARM-0149,Madurai,Rabi 2025,Cotton,5401.4,15.7,84802.0,2025-10-21,Madurai Mandi
81cf8ae9,DEMO-FARM-0150,Trichy,Kharif 2025,Millets,2148.5,37.3,80139.0,2025-10-21,Trichy Mandi
25fd02fe,DEMO-FARM-0151,Vellore,Kharif 2025,Maize,4452.5,52.6,234201.5,2025-09-10,Vellore Mandi
ca0c429d,DEMO-FARM-0152,Vellore,Kharif 2025,Rice,1601.9,38.3,61352.8,2025-10-26,Vellore Mandi
65faf908,DEMO-FARM-0152,Vellore,Kharif 2025,Rice,1659.2,41.2,68359.0,2025-09-25,Vellore Mandi
f10a8e5c,DEMO-FARM-0153,Nagapattinam,Kharif 2026,Sugarcane,1753.3,42.6,74690.6,2025-10-19,Nagapattinam Mandi
b028b807,DEMO-FARM-0153,Nagapattinam,Kharif 2026,Sugarcane,4692.9,43.1,202264.0,2025-09-01,Nagapattinam Mandi
d313534d,DEMO-FARM-0153,Nagapattinam,Kharif 2026,Sugarcane,1246.1,19.5,24298.9,2025-09-22,Nagapattinam Mandi
fce212c3,DEMO-FARM-0154,Thanjavur,Kharif 2026,Maize,1765.8,19.8,34962.8,2025-09-09,Thanjavur Mandi
c9b68869,DEMO-FARM-0154,Thanjavur,Kharif 2026,Maize,456.6,36.2,16528.9,2025-10-28,Thanjavur Mandi
09733b13,DEMO-FARM-0155,Kovilpatti,Kharif 2026,Sorghum,2631.6,15.9,41842.4,2025-10-17,Kovilpatti Mandi
1fede5f4,DEMO-FARM-0155,Kovilpatti,Kharif 2026,Sorghum,1357.3,17.0,23074.1,2025-10-10,Kovilpatti Mandi
2b842c16,DEMO-FARM-0155,Kovilpatti,Kharif 2026,Sorghum,4734.0,51.6,244274.4,2025-09-30,Kovilpatti Mandi
f5db73b0,DEMO-FARM-0156,Nilgiris,Rabi 2025,Groundnut,8298.2,35.5,294586.1,2025-10-12,Nilgiris Mandi
1bf1df8a,DEMO-FARM-0156,Nilgiris,Rabi 2025,Groundnut,4463.3,22.2,99085.3,2025-09-24,Nilgiris Mandi
f472f1b8,DEMO-FARM-0157,Vellore,Kharif 2026,Rice,3327.5,36.1,120122.8,2025-10-17,Vellore Mandi
49b4970e,DEMO-FARM-0157,Vellore,Kharif 2026,Rice,3319.8,42.2,140095.6,2025-10-12,Vellore Mandi
a7c75cd5,DEMO-FARM-0157,Vellore,Kharif 2026,Rice,364.5,29.0,10570.5,2025-10-09,Vellore Mandi
35254a8c,DEMO-FARM-0158,Vellore,Kharif 2026,Pulses,4278.9,20.9,89429.0,2025-10-11,Vellore Mandi
90f37a5f,DEMO-FARM-0159,Thanjavur,Rabi 2025,Cotton,7190.7,38.5,276842.0,2025-10-26,Thanjavur Mandi
b9fac9c1,DEMO-FARM-0160,Thanjavur,Rabi 2025,Rice,8426.6,20.5,172745.3,2025-09-13,Thanjavur Mandi
38b74a1f,DEMO-FARM-0160,Thanjavur,Rabi 2025,Rice,842.5,34.5,29066.2,2025-09-17,Thanjavur Mandi
96c4ff2d,DEMO-FARM-0161,Coimbatore,Kharif 2025,Cotton,7182.0,48.8,350481.6,2025-10-21,Coimbatore Mandi
4d94ce37,DEMO-FARM-0161,Coimbatore,Kharif 2025,Cotton,3874.1,32.5,125908.2,2025-09-24,Coimbatore Mandi
98e00ee8,DEMO-FARM-0162,Krishnagiri,Kharif 2026,Sorghum,2558.1,28.1,71882.6,2025-10-04,Krishnagiri Mandi
c6e63e5f,DEMO-FARM-0162,Krishnagiri,Kharif 2026,Sorghum,453.7,56.5,25634.0,2025-09-09,Krishnagiri Mandi
5faecc5c,DEMO-FARM-0162,Krishnagiri,Kharif 2026,Sorghum,785.5,40.1,31498.6,2025-10-16,Krishnagiri Mandi
97194fae,DEMO-FARM-0163,Vellore,Kharif 2026,Sugarcane,535.1,30.3,16213.5,2025-10-03,Vellore Mandi
8d8f4259,DEMO-FARM-0163,Vellore,Kharif 2026,Sugarcane,721.2,43.5,31372.2,2025-09-28,Vellore Mandi
2830cd2d,DEMO-FARM-0164,Tirunelveli,Kharif 2026,Pulses,473.4,33.2,15716.9,2025-09-27,Tirunelveli Mandi
2581fdb5,DEMO-FARM-0164,Tirunelveli,Kharif 2026,Pulses,599.8,35.8,21472.8,2025-09-02,Tirunelveli Mandi
61f2f6a3,DEMO-FARM-0164,Tirunelveli,Kharif 2026,Pulses,189.7,36.4,6905.1,2025-09-26,Tirunelveli Mandi
07ce600a,DEMO-FARM-0165,Tirunelveli,Kharif 2026,Sugarcane,8484.4,32.1,272349.2,2025-09-23,Tirunelveli Mandi
96a2bd4a,DEMO-FARM-0166,Vellore,Kharif 2026,Sorghum,12052.8,47.1,567686.9,2025-09-10,Vellore Mandi
38476c76,DEMO-FARM-0167,Thanjavur,Rabi 2025,Pulses,2300.4,35.5,81664.2,2025-10-20,Thanjavur Mandi
ea551be1,DEMO-FARM-0167,Thanjavur,Rabi 2025,Pulses,2314.9,54.3,125699.1,2025-09-14,Thanjavur Mandi
b88015d9,DEMO-FARM-0168,Vellore,Kharif 2026,Pulses,12165.2,21.9,266417.9,2025-09-17,Vellore Mandi
864a37dd,DEMO-FARM-0169,Trichy,Rabi 2025,Sorghum,984.6,38.6,38005.6,2025-10-29,Trichy Mandi
c9c843e5,DEMO-FARM-0169,Trichy,Rabi 2025,Sorghum,1678.8,22.3,37437.2,2025-09-23,Trichy Mandi
8c2c0543,DEMO-FARM-0169,Trichy,Rabi 2025,Sorghum,846.1,31.2,26398.3,2025-10-18,Trichy Mandi
196e563a,DEMO-FARM-0170,Madurai,Rabi 2025,Pulses,6776.1,35.0,237163.5,2025-10-13,Madurai Mandi
aa4d4cfb,DEMO-FARM-0170,Madurai,Rabi 2025,Pulses,6796.4,16.9,114859.2,2025-10-05,Madurai Mandi
d500770b,DEMO-FARM-0171,Vellore,Rabi 2025,Groundnut,179.2,50.0,8960.0,2025-10-08,Vellore Mandi
2cdc7aa1,DEMO-FARM-0171,Vellore,Rabi 2025,Groundnut,408.2,26.4,10776.5,2025-10-22,Vellore Mandi
dec32823,DEMO-FARM-0171,Vellore,Rabi 2025,Groundnut,655.4,39.6,25953.8,2025-10-07,Vellore Mandi
e4e799a8,DEMO-FARM-0172,Madurai,Kharif 2025,Rice,2701.6,31.3,84560.1,2025-09-20,Madurai Mandi
da05102a,DEMO-FARM-0173,Nagapattinam,Kharif 2025,Groundnut,6785.2,25.9,175736.7,2025-09-22,Nagapattinam Mandi
3aa116bf,DEMO-FARM-0173,Nagapattinam,Kharif 2025,Groundnut,7151.3,41.0,293203.3,2025-09-22,Nagapattinam Mandi
a9c0dbbc,DEMO-FARM-0174,Madurai,Rabi 2025,Pulses,6367.2,25.1,159816.7,2025-10-30,Madurai Mandi
3e5369aa,DEMO-FARM-0175,Trichy,Kharif 2025,Sugarcane,124.1,19.8,2457.2,2025-10-29,Trichy Mandi
bd0b2791,DEMO-FARM-0175,Trichy,Kharif 2025,Sugarcane,131.6,17.7,2329.3,2025-10-28,Trichy Mandi
90d2efe6,DEMO-FARM-0175,Trichy,Kharif 2025,Sugarcane,301.1,50.8,15295.9,2025-09-03,Trichy Mandi
bebe7d55,DEMO-FARM-0176,Krishnagiri,Rabi 2025,Pulses,5636.6,37.3,210245.2,2025-09-08,Krishnagiri Mandi
6b608d3a,DEMO-FARM-0177,Krishnagiri,Kharif 2026,Cotton,4139.6,56.7,234715.3,2025-09-10,Krishnagiri Mandi
77da1d16,DEMO-FARM-0177,Krishnagiri,Kharif 2026,Cotton,1949.9,52.4,102174.8,2025-10-10,Krishnagiri Mandi
376ecf4c,DEMO-FARM-0177,Krishnagiri,Kharif 2026,Cotton,1897.2,48.5,92014.2,2025-10-24,Krishnagiri Mandi
db94c184,DEMO-FARM-0178,Nilgiris,Rabi 2025,Rice,818.9,18.2,14904.0,2025-10-13,Nilgiris Mandi
8a69fd5f,DEMO-FARM-0178,Nilgiris,Rabi 2025,Rice,117.1,52.9,6194.6,2025-09-28,Nilgiris Mandi
9952c8bf,DEMO-FARM-0178,Nilgiris,Rabi 2025,Rice,183.1,46.8,8569.1,2025-09-30,Nilgiris Mandi
00993fd6,DEMO-FARM-0179,Kovilpatti,Kharif 2026,Groundnut,4584.7,34.8,159547.6,2025-09-29,Kovilpatti Mandi
68e24a74,DEMO-FARM-0180,Tirunelveli,Kharif 2026,Rice,4578.7,15.9,72801.3,2025-10-11,Tirunelveli Mandi
c4b449e7,DEMO-FARM-0180,Tirunelveli,Kharif 2026,Rice,2937.1,30.6,89875.3,2025-10-22,Tirunelveli Mandi
de21755a,DEMO-FARM-0181,Krishnagiri,Kharif 2025,Cotton,512.8,47.0,24101.6,2025-10-10,Krishnagiri Mandi
99184eac,DEMO-FARM-0181,Krishnagiri,Kharif 2025,Cotton,277.9,52.6,14617.5,2025-09-15,Krishnagiri Mandi
35697992,DEMO-FARM-0182,Kovilpatti,Kharif 2025,Maize,727.9,28.5,20745.1,2025-09-17,Kovilpatti Mandi
b810acbd,DEMO-FARM-0182,Kovilpatti,Kharif 2025,Maize,2339.6,51.8,121191.3,2025-10-16,Kovilpatti Mandi
cb62ea6c,DEMO-FARM-0182,Kovilpatti,Kharif 2025,Maize,1156.2,26.0,30061.2,2025-10-28,Kovilpatti Mandi
c58acc2a,DEMO-FARM-0183,Trichy,Rabi 2025,Sugarcane,684.1,56.3,38514.8,2025-10-22,Trichy Mandi
1bdcaf5c,DEMO-FARM-0183,Trichy,Rabi 2025,Sugarcane,488.4,47.4,23150.2,2025-10-19,Trichy Mandi
eb1d884f,DEMO-FARM-0183,Trichy,Rabi 2025,Sugarcane,474.5,20.2,9584.9,2025-09-27,Trichy Mandi
165b8d7e,DEMO-FARM-0184,Nagapattinam,Kharif 2025,Sugarcane,3408.7,54.7,186455.9,2025-09-26,Nagapattinam Mandi
b2964977,DEMO-FARM-0184,Nagapattinam,Kharif 2025,Sugarcane,5926.3,41.6,246534.1,2025-09-12,Nagapattinam Mandi
423ac95e,DEMO-FARM-0184,Nagapattinam,Kharif 2025,Sugarcane,4245.0,37.8,160461.0,2025-09-24,Nagapattinam Mandi
5b83ddcd,DEMO-FARM-0185,Nilgiris,Rabi 2025,Millets,1031.2,56.9,58675.3,2025-10-12,Nilgiris Mandi
2ed4747f,DEMO-FARM-0186,Krishnagiri,Rabi 2025,Rice,7606.1,31.6,240352.8,2025-09-21,Krishnagiri Mandi
c0d6651e,DEMO-FARM-0186,Krishnagiri,Rabi 2025,Rice,3142.2,40.9,128516.0,2025-10-28,Krishnagiri Mandi
e2723b60,DEMO-FARM-0187,Kovilpatti,Rabi 2025,Millets,985.6,38.6,38044.2,2025-10-02,Kovilpatti Mandi
fceed8a7,DEMO-FARM-0187,Kovilpatti,Rabi 2025,Millets,1089.4,29.4,32028.4,2025-09-29,Kovilpatti Mandi
c81cc2a5,DEMO-FARM-0187,Kovilpatti,Rabi 2025,Millets,931.4,49.2,45824.9,2025-09-16,Kovilpatti Mandi
8b429c6b,DEMO-FARM-0188,Nilgiris,Rabi 2025,Cotton,2544.1,41.1,104562.5,2025-09-05,Nilgiris Mandi
eb58b603,DEMO-FARM-0189,Madurai,Kharif 2025,Sugarcane,9517.6,53.5,509191.6,2025-09-08,Madurai Mandi
23161010,DEMO-FARM-0190,Madurai,Kharif 2026,Maize,354.8,15.5,5499.4,2025-09-02,Madurai Mandi
837e58ca,DEMO-FARM-0190,Madurai,Kharif 2026,Maize,229.0,20.0,4580.0,2025-09-15,Madurai Mandi
08b83141,DEMO-FARM-0191,Tirunelveli,Kharif 2026,Maize,679.2,51.3,34843.0,2025-09-08,Tirunelveli Mandi
6f84c402,DEMO-FARM-0191,Tirunelveli,Kharif 2026,Maize,819.7,26.0,21312.2,2025-10-23,Tirunelveli Mandi
10e92926,DEMO-FARM-0191,Tirunelveli,Kharif 2026,Maize,706.8,50.4,35622.7,2025-09-28,Tirunelveli Mandi
ce91c1ea,DEMO-FARM-0192,Madurai,Rabi 2025,Pulses,2299.8,26.0,59794.8,2025-09-18,Madurai Mandi
297a8697,DEMO-FARM-0193,Trichy,Rabi 2025,Rice,6972.3,52.2,363954.1,2025-09-21,Trichy Mandi
65ad2745,DEMO-FARM-0193,Trichy,Rabi 2025,Rice,2407.1,39.7,95561.9,2025-10-14,Trichy Mandi
427539f6,DEMO-FARM-0194,Madurai,Kharif 2025,Maize,455.9,47.4,21609.7,2025-09-06,Madurai Mandi
269b0769,DEMO-FARM-0194,Madurai,Kharif 2025,Maize,108.0,20.7,2235.6,2025-10-25,Madurai Mandi
1e37fb6e,DEMO-FARM-0194,Madurai,Kharif 2025,Maize,362.3,50.6,18332.4,2025-09-07,Madurai Mandi
7baa4331,DEMO-FARM-0195,Kovilpatti,Rabi 2025,Pulses,3652.8,56.4,206017.9,2025-10-14,Kovilpatti Mandi
26bb229d,DEMO-FARM-0195,Kovilpatti,Rabi 2025,Pulses,4887.2,34.9,170563.3,2025-10-11,Kovilpatti Mandi
256731fd,DEMO-FARM-0195,Kovilpatti,Rabi 2025,Pulses,691.7,41.4,28636.4,2025-10-04,Kovilpatti Mandi
3fb9cab8,DEMO-FARM-0196,Madurai,Rabi 2025,Maize,1055.0,41.4,43677.0,2025-09-28,Madurai Mandi
b2b2ee87,DEMO-FARM-0196,Madurai,Rabi 2025,Maize,5179.6,24.4,126382.2,2025-09-28,Madurai Mandi
01ff5c3c,DEMO-FARM-0196,Madurai,Rabi 2025,Maize,1394.0,58.1,80991.4,2025-10-17,Madurai Mandi
d8975bf4,DEMO-FARM-0197,Nagapattinam,Rabi 2025,Maize,1456.0,15.6,22713.6,2025-10-24,Nagapattinam Mandi
1a786127,DEMO-FARM-0198,Madurai,Kharif 2026,Groundnut,775.4,59.6,46213.8,2025-10-08,Madurai Mandi
fb4041ca,DEMO-FARM-0198,Madurai,Kharif 2026,Groundnut,655.5,34.7,22745.9,2025-10-15,Madurai Mandi
8d1d01ea,DEMO-FARM-0198,Madurai,Kharif 2026,Groundnut,1082.8,18.1,19598.7,2025-09-11,Madurai Mandi
0a8b6f91,DEMO-FARM-0199,Madurai,Rabi 2025,Cotton,828.3,43.9,36362.4,2025-09-05,Madurai Mandi
d3d06e2e,DEMO-FARM-0199,Madurai,Rabi 2025,Cotton,3578.5,41.0,146718.5,2025-10-13,Madurai Mandi
bb3ca42b,DEMO-FARM-0200,Coimbatore,Kharif 2026,Sugarcane,292.0,26.7,7796.4,2025-10-04,Coimbatore Mandi
84b5eff0,DEMO-FARM-0200,Coimbatore,Kharif 2026,Sugarcane,937.5,15.7,14718.8,2025-10-20,Coimbatore Mandi
5bb66502,DEMO-FARM-0201,Thanjavur,Kharif 2025,Millets,5611.1,46.3,259793.9,2025-09-19,Thanjavur Mandi
e433939a,DEMO-FARM-0201,Thanjavur,Kharif 2025,Millets,4974.1,50.2,249699.8,2025-09-01,Thanjavur Mandi
597778d5,DEMO-FARM-0201,Thanjavur,Kharif 2025,Millets,4659.4,28.5,132792.9,2025-09-09,Thanjavur Mandi
cea6b720,DEMO-FARM-0202,Kovilpatti,Rabi 2025,Groundnut,3806.6,31.2,118765.9,2025-10-30,Kovilpatti Mandi
2fffcefe,DEMO-FARM-0203,Krishnagiri,Rabi 2025,Sugarcane,1532.3,31.6,48420.7,2025-09-06,Krishnagiri Mandi
30127a55,DEMO-FARM-0203,Krishnagiri,Rabi 2025,Sugarcane,4226.7,19.3,81575.3,2025-09-10,Krishnagiri Mandi
ef7be922,DEMO-FARM-0203,Krishnagiri,Rabi 2025,Sugarcane,1030.9,32.2,33195.0,2025-10-21,Krishnagiri Mandi
3d1175d4,DEMO-FARM-0204,Trichy,Kharif 2026,Sorghum,3640.3,27.3,99380.2,2025-09-10,Trichy Mandi
74310db7,DEMO-FARM-0204,Trichy,Kharif 2026,Sorghum,428.7,25.8,11060.5,2025-10-12,Trichy Mandi
cbfb9904,DEMO-FARM-0205,Madurai,Kharif 2025,Rice,12657.2,21.3,269598.4,2025-10-23,Madurai Mandi
35694efc,DEMO-FARM-0206,Madurai,Kharif 2026,Sorghum,4064.8,38.1,154868.9,2025-09-22,Madurai Mandi
99460cb4,DEMO-FARM-0206,Madurai,Kharif 2026,Sorghum,4410.5,28.4,125258.2,2025-10-03,Madurai Mandi
6364c7fc,DEMO-FARM-0207,Thanjavur,Kharif 2026,Maize,7533.7,34.2,257652.5,2025-10-01,Thanjavur Mandi
11c46338,DEMO-FARM-0207,Thanjavur,Kharif 2026,Maize,1592.1,39.8,63365.6,2025-09-09,Thanjavur Mandi
8c0a6917,DEMO-FARM-0208,Thanjavur,Kharif 2025,Millets,10492.9,50.8,533039.3,2025-10-28,Thanjavur Mandi
f727a674,DEMO-FARM-0208,Thanjavur,Kharif 2025,Millets,1603.1,27.1,43444.0,2025-09-05,Thanjavur Mandi
c000fc8a,DEMO-FARM-0209,Madurai,Rabi 2025,Maize,2566.6,54.8,140649.7,2025-09-06,Madurai Mandi
706739c7,DEMO-FARM-0209,Madurai,Rabi 2025,Maize,4607.2,53.2,245103.0,2025-10-07,Madurai Mandi
59a8b67f,DEMO-FARM-0210,Kovilpatti,Kharif 2026,Sorghum,14909.5,33.7,502450.2,2025-09-03,Kovilpatti Mandi
114bcae0,DEMO-FARM-0211,Nagapattinam,Rabi 2025,Cotton,6304.6,45.3,285598.4,2025-09-25,Nagapattinam Mandi
f3f84553,DEMO-FARM-0211,Nagapattinam,Rabi 2025,Cotton,5970.2,23.1,137911.6,2025-10-03,Nagapattinam Mandi
767fe199,DEMO-FARM-0211,Nagapattinam,Rabi 2025,Cotton,6533.9,43.1,281611.1,2025-10-20,Nagapattinam Mandi
3fb13827,DEMO-FARM-0212,Nilgiris,Rabi 2025,Sorghum,1124.4,47.0,52846.8,2025-10-11,Nilgiris Mandi
1aded321,DEMO-FARM-0212,Nilgiris,Rabi 2025,Sorghum,1427.3,51.4,73363.2,2025-09-15,Nilgiris Mandi
2d680f1a,DEMO-FARM-0213,Vellore,Kharif 2025,Groundnut,3321.5,31.4,104295.1,2025-09-05,Vellore Mandi
592258bf,DEMO-FARM-0213,Vellore,Kharif 2025,Groundnut,2339.5,40.1,93813.9,2025-10-21,Vellore Mandi
a9c8314e,DEMO-FARM-0214,Thanjavur,Rabi 2025,Groundnut,1449.5,55.3,80157.3,2025-10-21,Thanjavur Mandi
244e60e7,DEMO-FARM-0214,Thanjavur,Rabi 2025,Groundnut,182.2,57.6,10494.7,2025-09-08,Thanjavur Mandi
bd3337c3,DEMO-FARM-0214,Thanjavur,Rabi 2025,Groundnut,163.0,33.6,5476.8,2025-09-12,Thanjavur Mandi
675380cb,DEMO-FARM-0215,Madurai,Kharif 2026,Cotton,5309.7,45.8,243184.3,2025-09-17,Madurai Mandi
7a990718,DEMO-FARM-0216,Nagapattinam,Kharif 2025,Rice,6014.1,35.6,214102.0,2025-10-05,Nagapattinam Mandi
68876aec,DEMO-FARM-0217,Kovilpatti,Rabi 2025,Groundnut,18004.2,27.4,493315.1,2025-09-26,Kovilpatti Mandi
641e5d9b,DEMO-FARM-0218,Kovilpatti,Kharif 2026,Sugarcane,1401.1,26.9,37689.6,2025-09-27,Kovilpatti Mandi
5bada499,DEMO-FARM-0218,Kovilpatti,Kharif 2026,Sugarcane,4597.1,31.9,146647.5,2025-10-26,Kovilpatti Mandi
4f07010e,DEMO-FARM-0219,Madurai,Kharif 2025,Maize,2588.4,21.4,55391.8,2025-10-06,Madurai Mandi
53bbaaaf,DEMO-FARM-0220,Tirunelveli,Rabi 2025,Millets,244.8,16.5,4039.2,2025-09-29,Tirunelveli Mandi
6fcf294b,DEMO-FARM-0221,Nilgiris,Rabi 2025,Maize,2544.3,57.4,146042.8,2025-10-21,Nilgiris Mandi
aa22cef9,DEMO-FARM-0221,Nilgiris,Rabi 2025,Maize,6021.3,38.1,229411.5,2025-10-18,Nilgiris Mandi
33810cd0,DEMO-FARM-0221,Nilgiris,Rabi 2025,Maize,1650.1,40.8,67324.1,2025-10-30,Nilgiris Mandi
120c56c7,DEMO-FARM-0222,Vellore,Kharif 2026,Rice,9380.8,24.6,230767.7,2025-09-05,Vellore Mandi
1f6fd8e1,DEMO-FARM-0223,Madurai,Rabi 2025,Sorghum,1264.2,27.3,34512.7,2025-10-25,Madurai Mandi
74c951b6,DEMO-FARM-0223,Madurai,Rabi 2025,Sorghum,1130.5,34.1,38550.1,2025-10-21,Madurai Mandi
7345868d,DEMO-FARM-0223,Madurai,Rabi 2025,Sorghum,808.7,51.8,41890.7,2025-09-08,Madurai Mandi
122805d8,DEMO-FARM-0224,Tirunelveli,Rabi 2025,Sugarcane,3863.8,26.9,103936.2,2025-09-17,Tirunelveli Mandi
080d9c08,DEMO-FARM-0225,Tirunelveli,Kharif 2026,Millets,1586.2,59.1,93744.4,2025-10-07,Tirunelveli Mandi
9791a0c9,DEMO-FARM-0226,Tirunelveli,Kharif 2026,Maize,2512.5,18.5,46481.2,2025-10-06,Tirunelveli Mandi
6c3ffdc7,DEMO-FARM-0227,Tirunelveli,Kharif 2025,Groundnut,19178.3,15.9,304935.0,2025-10-10,Tirunelveli Mandi
66cdf181,DEMO-FARM-0228,Coimbatore,Kharif 2025,Maize,6530.5,17.0,111018.5,2025-10-15,Coimbatore Mandi
80bbc59c,DEMO-FARM-0228,Coimbatore,Kharif 2025,Maize,924.0,36.0,33264.0,2025-09-11,Coimbatore Mandi
9c9e19fc,DEMO-FARM-0229,Kovilpatti,Kharif 2026,Sorghum,1818.9,51.7,94037.1,2025-10-26,Kovilpatti Mandi
2a46bee0,DEMO-FARM-0230,Trichy,Kharif 2025,Sorghum,4417.6,49.3,217787.7,2025-10-05,Trichy Mandi
4a287734,DEMO-FARM-0230,Trichy,Kharif 2025,Sorghum,2313.6,52.7,121926.7,2025-10-23,Trichy Mandi
693d37b5,DEMO-FARM-0231,Krishnagiri,Kharif 2026,Groundnut,5830.1,44.4,258856.4,2025-09-09,Krishnagiri Mandi
37aacd5f,DEMO-FARM-0231,Krishnagiri,Kharif 2026,Groundnut,2734.4,24.2,66172.5,2025-09-15,Krishnagiri Mandi
fd3a1aa0,DEMO-FARM-0232,Nagapattinam,Kharif 2025,Sugarcane,11053.1,53.5,591340.8,2025-09-05,Nagapattinam Mandi
032e8c8d,DEMO-FARM-0233,Nagapattinam,Kharif 2026,Sorghum,5516.1,21.0,115838.1,2025-09-18,Nagapattinam Mandi
82bebba6,DEMO-FARM-0233,Nagapattinam,Kharif 2026,Sorghum,4953.5,43.5,215477.2,2025-09-11,Nagapattinam Mandi
d1ff2c63,DEMO-FARM-0234,Tirunelveli,Kharif 2025,Pulses,7429.0,15.6,115892.4,2025-09-25,Tirunelveli Mandi
15121ae7,DEMO-FARM-0235,Tirunelveli,Kharif 2026,Sugarcane,8350.0,56.4,470940.0,2025-10-10,Tirunelveli Mandi
2eff813e,DEMO-FARM-0236,Krishnagiri,Rabi 2025,Pulses,2627.1,51.9,136346.5,2025-10-04,Krishnagiri Mandi
2eb0496b,DEMO-FARM-0236,Krishnagiri,Rabi 2025,Pulses,1370.4,52.6,72083.0,2025-10-27,Krishnagiri Mandi
3d99ded5,DEMO-FARM-0236,Krishnagiri,Rabi 2025,Pulses,2613.4,32.8,85719.5,2025-10-30,Krishnagiri Mandi
081a6d87,DEMO-FARM-0237,Tirunelveli,Kharif 2025,Cotton,204.0,30.6,6242.4,2025-10-24,Tirunelveli Mandi
d39bcadf,DEMO-FARM-0237,Tirunelveli,Kharif 2025,Cotton,867.7,16.3,14143.5,2025-09-02,Tirunelveli Mandi
6da39e1b,DEMO-FARM-0237,Tirunelveli,Kharif 2025,Cotton,642.0,36.8,23625.6,2025-09-27,Tirunelveli Mandi
67ce0b4d,DEMO-FARM-0238,Nagapattinam,Kharif 2026,Cotton,344.9,39.8,13727.0,2025-09-19,Nagapattinam Mandi
76a8416f,DEMO-FARM-0238,Nagapattinam,Kharif 2026,Cotton,1682.8,21.0,35338.8,2025-10-26,Nagapattinam Mandi
6e155e55,DEMO-FARM-0238,Nagapattinam,Kharif 2026,Cotton,2686.6,23.5,63135.1,2025-09-21,Nagapattinam Mandi
239afd57,DEMO-FARM-0239,Nilgiris,Kharif 2025,Rice,4966.5,45.6,226472.4,2025-10-29,Nilgiris Mandi
50db3d0a,DEMO-FARM-0239,Nilgiris,Kharif 2025,Rice,9300.1,44.7,415714.5,2025-10-15,Nilgiris Mandi
b4aa826d,DEMO-FARM-0240,Thanjavur,Kharif 2025,Millets,4944.5,49.2,243269.4,2025-09-11,Thanjavur Mandi
38f2370c,DEMO-FARM-0240,Thanjavur,Kharif 2025,Millets,4144.4,25.1,104024.4,2025-09-22,Thanjavur Mandi
e946214d,DEMO-FARM-0241,Thanjavur,Kharif 2025,Groundnut,4233.8,18.1,76631.8,2025-09-21,Thanjavur Mandi
795d0326,DEMO-FARM-0241,Thanjavur,Kharif 2025,Groundnut,2376.1,44.3,105261.2,2025-09-02,Thanjavur Mandi
de7f4b20,DEMO-FARM-0242,Madurai,Kharif 2025,Maize,4092.0,32.5,132990.0,2025-10-01,Madurai Mandi
36609ddd,DEMO-FARM-0242,Madurai,Kharif 2025,Maize,5057.8,54.5,275650.1,2025-09-07,Madurai Mandi
ddadc4f1,DEMO-FARM-0243,Nagapattinam,Kharif 2025,Sugarcane,3593.4,43.6,156672.2,2025-10-25,Nagapattinam Mandi
7d1f6708,DEMO-FARM-0243,Nagapattinam,Kharif 2025,Sugarcane,3066.3,31.7,97201.7,2025-09-11,Nagapattinam Mandi
39d5160a,DEMO-FARM-0243,Nagapattinam,Kharif 2025,Sugarcane,3969.7,19.7,78203.1,2025-10-03,Nagapattinam Mandi
fd60aaa6,DEMO-FARM-0244,Kovilpatti,Rabi 2025,Groundnut,2396.2,19.5,46725.9,2025-10-19,Kovilpatti Mandi
3ce343e9,DEMO-FARM-0244,Kovilpatti,Rabi 2025,Groundnut,1565.3,41.8,65429.5,2025-09-21,Kovilpatti Mandi
a68d7bb8,DEMO-FARM-0245,Vellore,Kharif 2026,Groundnut,781.9,33.8,26428.2,2025-10-12,Vellore Mandi
b750390e,DEMO-FARM-0245,Vellore,Kharif 2026,Groundnut,1069.5,47.0,50266.5,2025-10-16,Vellore Mandi
d71fee8b,DEMO-FARM-0245,Vellore,Kharif 2026,Groundnut,1008.4,20.1,20268.8,2025-10-13,Vellore Mandi
e3ba49d6,DEMO-FARM-0246,Nilgiris,Kharif 2025,Cotton,444.1,42.7,18963.1,2025-10-30,Nilgiris Mandi
9a1c2f20,DEMO-FARM-0246,Nilgiris,Kharif 2025,Cotton,483.7,39.6,19154.5,2025-09-08,Nilgiris Mandi
9429c1d0,DEMO-FARM-0246,Nilgiris,Kharif 2025,Cotton,1952.3,28.1,54859.6,2025-10-23,Nilgiris Mandi
f4b5bc51,DEMO-FARM-0247,Nilgiris,Rabi 2025,Sugarcane,5158.3,50.8,262041.6,2025-09-25,Nilgiris Mandi
cb979501,DEMO-FARM-0247,Nilgiris,Rabi 2025,Sugarcane,2977.0,57.9,172368.3,2025-10-26,Nilgiris Mandi
7826ac88,DEMO-FARM-0248,Madurai,Rabi 2025,Cotton,1737.5,58.9,102338.8,2025-09-30,Madurai Mandi
21942c4d,DEMO-FARM-0248,Madurai,Rabi 2025,Cotton,934.2,57.2,53436.2,2025-10-06,Madurai Mandi
bcf4abf6,DEMO-FARM-0249,Nagapattinam,Rabi 2025,Pulses,4887.2,29.4,143683.7,2025-09-09,Nagapattinam Mandi
7e6960e1,DEMO-FARM-0250,Madurai,Kharif 2025,Groundnut,260.3,24.1,6273.2,2025-10-30,Madurai Mandi
aee0ace5,DEMO-FARM-0250,Madurai,Kharif 2025,Groundnut,1777.4,40.8,72517.9,2025-09-10,Madurai Mandi
96daac5f,DEMO-FARM-0251,Krishnagiri,Rabi 2025,Groundnut,8384.9,43.8,367258.6,2025-09-03,Krishnagiri Mandi
9def578b,DEMO-FARM-0252,Kovilpatti,Rabi 2025,Pulses,2431.0,54.3,132003.3,2025-10-05,Kovilpatti Mandi
aea60078,DEMO-FARM-0252,Kovilpatti,Rabi 2025,Pulses,4401.2,23.8,104748.6,2025-09-11,Kovilpatti Mandi
75b1e321,DEMO-FARM-0253,Kovilpatti,Kharif 2026,Millets,2810.0,36.9,103689.0,2025-09-12,Kovilpatti Mandi
427b84dc,DEMO-FARM-0254,Thanjavur,Rabi 2025,Millets,307.5,25.4,7810.5,2025-10-25,Thanjavur Mandi
d4bbe407,DEMO-FARM-0254,Thanjavur,Rabi 2025,Millets,403.8,45.7,18453.7,2025-10-02,Thanjavur Mandi
8be76e81,DEMO-FARM-0254,Thanjavur,Rabi 2025,Millets,251.1,27.8,6980.6,2025-10-02,Thanjavur Mandi
396147bf,DEMO-FARM-0255,Vellore,Kharif 2026,Rice,1449.4,59.4,86094.4,2025-10-10,Vellore Mandi
9fd72895,DEMO-FARM-0255,Vellore,Kharif 2026,Rice,3392.6,55.0,186593.0,2025-10-12,Vellore Mandi
8fcf6470,DEMO-FARM-0256,Kovilpatti,Rabi 2025,Pulses,10367.5,47.0,487272.5,2025-09-23,Kovilpatti Mandi
4d43d6cb,DEMO-FARM-0257,Kovilpatti,Rabi 2025,Sorghum,209.6,17.1,3584.2,2025-10-25,Kovilpatti Mandi
6869bd83,DEMO-FARM-0257,Kovilpatti,Rabi 2025,Sorghum,1710.7,35.6,60900.9,2025-09-10,Kovilpatti Mandi
41e62deb,DEMO-FARM-0257,Kovilpatti,Rabi 2025,Sorghum,1632.7,29.6,48327.9,2025-09-26,Kovilpatti Mandi
bd1a4bae,DEMO-FARM-0258,Thanjavur,Kharif 2025,Rice,5166.6,17.1,88348.9,2025-09-18,Thanjavur Mandi
585a9369,DEMO-FARM-0258,Thanjavur,Kharif 2025,Rice,2753.3,21.4,58920.6,2025-09-09,Thanjavur Mandi
c255dc78,DEMO-FARM-0258,Thanjavur,Kharif 2025,Rice,1596.8,58.8,93891.8,2025-09-23,Thanjavur Mandi
06b3c3a8,DEMO-FARM-0259,Nagapattinam,Rabi 2025,Cotton,4256.2,47.3,201318.3,2025-10-15,Nagapattinam Mandi
af1aabda,DEMO-FARM-0259,Nagapattinam,Rabi 2025,Cotton,6452.1,15.2,98071.9,2025-09-01,Nagapattinam Mandi
438c6759,DEMO-FARM-0259,Nagapattinam,Rabi 2025,Cotton,3592.7,16.3,58561.0,2025-10-29,Nagapattinam Mandi
83867e92,DEMO-FARM-0260,Coimbatore,Rabi 2025,Groundnut,1390.9,52.8,73439.5,2025-10-28,Coimbatore Mandi
8e1aaafc,DEMO-FARM-0261,Madurai,Kharif 2025,Sugarcane,7746.0,25.2,195199.2,2025-10-13,Madurai Mandi
e22b6649,DEMO-FARM-0261,Madurai,Kharif 2025,Sugarcane,4948.6,39.2,193985.1,2025-10-14,Madurai Mandi
5fe6c8bf,DEMO-FARM-0262,Nilgiris,Kharif 2026,Rice,12937.6,27.1,350609.0,2025-09-08,Nilgiris Mandi
fc654ce3,DEMO-FARM-0263,Nilgiris,Kharif 2025,Groundnut,3708.1,46.1,170943.4,2025-09-03,Nilgiris Mandi
8fed7324,DEMO-FARM-0263,Nilgiris,Kharif 2025,Groundnut,2044.3,33.5,68484.1,2025-09-06,Nilgiris Mandi
6bded9ea,DEMO-FARM-0263,Nilgiris,Kharif 2025,Groundnut,1531.7,17.3,26498.4,2025-10-30,Nilgiris Mandi
c630e49c,DEMO-FARM-0264,Nagapattinam,Kharif 2026,Sugarcane,3293.9,37.7,124180.0,2025-10-10,Nagapattinam Mandi
126f3d33,DEMO-FARM-0264,Nagapattinam,Kharif 2026,Sugarcane,3370.8,16.8,56629.4,2025-09-30,Nagapattinam Mandi
55813dae,DEMO-FARM-0265,Tirunelveli,Rabi 2025,Millets,13536.0,49.0,663264.0,2025-09-25,Tirunelveli Mandi
4ee8c56c,DEMO-FARM-0266,Nilgiris,Rabi 2025,Sugarcane,1415.4,46.3,65533.0,2025-10-13,Nilgiris Mandi
d93dc6f6,DEMO-FARM-0267,Trichy,Kharif 2026,Groundnut,2148.9,51.0,109593.9,2025-09-28,Trichy Mandi
5bbf5782,DEMO-FARM-0267,Trichy,Kharif 2026,Groundnut,532.0,55.7,29632.4,2025-10-03,Trichy Mandi
eb794049,DEMO-FARM-0268,Madurai,Rabi 2025,Cotton,283.8,38.0,10784.4,2025-09-12,Madurai Mandi
6063aba0,DEMO-FARM-0269,Nilgiris,Kharif 2026,Sorghum,6933.7,41.2,285668.4,2025-10-19,Nilgiris Mandi
1f5a4fce,DEMO-FARM-0269,Nilgiris,Kharif 2026,Sorghum,3355.7,55.6,186576.9,2025-09-29,Nilgiris Mandi
3f42f331,DEMO-FARM-0269,Nilgiris,Kharif 2026,Sorghum,4379.1,37.1,162464.6,2025-10-14,Nilgiris Mandi
3a661d2d,DEMO-FARM-0270,Thanjavur,Kharif 2026,Millets,3424.3,28.4,97250.1,2025-10-05,Thanjavur Mandi
403e5ab1,DEMO-FARM-0271,Kovilpatti,Rabi 2025,Rice,6921.9,55.9,386934.2,2025-09-14,Kovilpatti Mandi
3db58571,DEMO-FARM-0272,Madurai,Rabi 2025,Maize,1812.8,39.3,71243.0,2025-10-12,Madurai Mandi
89d86a9c,DEMO-FARM-0272,Madurai,Rabi 2025,Maize,1674.9,50.6,84749.9,2025-10-23,Madurai Mandi
4fbc2236,DEMO-FARM-0273,Kovilpatti,Kharif 2026,Sorghum,3414.5,17.0,58046.5,2025-10-04,Kovilpatti Mandi
24201aad,DEMO-FARM-0273,Kovilpatti,Kharif 2026,Sorghum,613.2,27.1,16617.7,2025-10-05,Kovilpatti Mandi
f6cfce8a,DEMO-FARM-0273,Kovilpatti,Kharif 2026,Sorghum,3804.9,40.2,152957.0,2025-10-27,Kovilpatti Mandi
abdbe6c0,DEMO-FARM-0274,Nagapattinam,Kharif 2026,Rice,4287.8,21.3,91330.1,2025-10-29,Nagapattinam Mandi
530b3558,DEMO-FARM-0275,Madurai,Rabi 2025,Groundnut,1054.6,51.9,54733.7,2025-09-19,Madurai Mandi
95b71449,DEMO-FARM-0275,Madurai,Rabi 2025,Groundnut,1572.8,34.1,53632.5,2025-09-06,Madurai Mandi
baa61ffe,DEMO-FARM-0275,Madurai,Rabi 2025,Groundnut,1860.8,38.0,70710.4,2025-10-08,Madurai Mandi
3b58c2ca,DEMO-FARM-0276,Trichy,Kharif 2026,Millets,15045.7,52.7,792908.4,2025-10-14,Trichy Mandi
daa4cb59,DEMO-FARM-0277,Coimbatore,Kharif 2025,Millets,2044.8,51.4,105102.7,2025-10-17,Coimbatore Mandi
44df96d2,DEMO-FARM-0277,Coimbatore,Kharif 2025,Millets,1250.2,42.7,53383.5,2025-09-15,Coimbatore Mandi
0cde991d,DEMO-FARM-0277,Coimbatore,Kharif 2025,Millets,4500.1,57.8,260105.8,2025-10-04,Coimbatore Mandi
e6eeceae,DEMO-FARM-0278,Nagapattinam,Kharif 2025,Rice,301.6,20.3,6122.5,2025-09-25,Nagapattinam Mandi
fabc3c48,DEMO-FARM-0278,Nagapattinam,Kharif 2025,Rice,291.9,16.2,4728.8,2025-10-24,Nagapattinam Mandi
b0e6673d,DEMO-FARM-0278,Nagapattinam,Kharif 2025,Rice,786.4,24.4,19188.2,2025-09-10,Nagapattinam Mandi
90283d37,DEMO-FARM-0279,Tirunelveli,Kharif 2026,Pulses,2556.6,49.2,125784.7,2025-09-24,Tirunelveli Mandi
b522c492,DEMO-FARM-0279,Tirunelveli,Kharif 2026,Pulses,2558.0,32.4,82879.2,2025-10-24,Tirunelveli Mandi
f6529e6d,DEMO-FARM-0279,Tirunelveli,Kharif 2026,Pulses,772.8,28.2,21793.0,2025-10-04,Tirunelveli Mandi
ad2de45c,DEMO-FARM-0280,Thanjavur,Kharif 2026,Sorghum,4359.3,16.3,71056.6,2025-10-01,Thanjavur Mandi
5e69a8c6,DEMO-FARM-0280,Thanjavur,Kharif 2026,Sorghum,5573.9,39.7,221283.8,2025-09-17,Thanjavur Mandi
9c286ff1,DEMO-FARM-0280,Thanjavur,Kharif 2026,Sorghum,5458.9,27.1,147936.2,2025-10-14,Thanjavur Mandi
10670532,DEMO-FARM-0281,Thanjavur,Kharif 2025,Groundnut,9696.2,50.3,487718.9,2025-09-25,Thanjavur Mandi
db8484b9,DEMO-FARM-0281,Thanjavur,Kharif 2025,Groundnut,10749.3,32.1,345052.5,2025-10-09,Thanjavur Mandi
3deb91bf,DEMO-FARM-0282,Vellore,Rabi 2025,Millets,1056.1,39.3,41504.7,2025-09-06,Vellore Mandi
973736a8,DEMO-FARM-0282,Vellore,Rabi 2025,Millets,1805.1,38.7,69857.4,2025-10-27,Vellore Mandi
8167af5f,DEMO-FARM-0282,Vellore,Rabi 2025,Millets,2141.8,17.9,38338.2,2025-09-24,Vellore Mandi
7f147d20,DEMO-FARM-0283,Tirunelveli,Kharif 2025,Cotton,1231.0,40.0,49240.0,2025-10-14,Tirunelveli Mandi
bc6a2022,DEMO-FARM-0283,Tirunelveli,Kharif 2025,Cotton,4679.3,54.8,256425.6,2025-10-01,Tirunelveli Mandi
b387e621,DEMO-FARM-0283,Tirunelveli,Kharif 2025,Cotton,3428.1,32.7,112098.9,2025-09-29,Tirunelveli Mandi
9632c9b3,DEMO-FARM-0284,Kovilpatti,Kharif 2025,Pulses,4037.0,54.1,218401.7,2025-09-10,Kovilpatti Mandi
36e3055a,DEMO-FARM-0284,Kovilpatti,Kharif 2025,Pulses,5897.8,57.6,339713.3,2025-10-23,Kovilpatti Mandi
c2cd304e,DEMO-FARM-0285,Kovilpatti,Kharif 2025,Cotton,1637.5,40.9,66973.8,2025-09-09,Kovilpatti Mandi
09f2368e,DEMO-FARM-0285,Kovilpatti,Kharif 2025,Cotton,1977.7,31.3,61902.0,2025-09-09,Kovilpatti Mandi
f2af2284,DEMO-FARM-0286,Kovilpatti,Kharif 2026,Sorghum,2973.7,44.5,132329.6,2025-09-28,Kovilpatti Mandi
c85d17a8,DEMO-FARM-0286,Kovilpatti,Kharif 2026,Sorghum,649.0,38.2,24791.8,2025-09-10,Kovilpatti Mandi
cb281c8d,DEMO-FARM-0286,Kovilpatti,Kharif 2026,Sorghum,1363.9,57.4,78287.9,2025-09-21,Kovilpatti Mandi
387ef5cf,DEMO-FARM-0287,Tirunelveli,Kharif 2026,Maize,326.3,57.8,18860.1,2025-09-12,Tirunelveli Mandi
931b571c,DEMO-FARM-0287,Tirunelveli,Kharif 2026,Maize,571.2,26.6,15193.9,2025-09-07,Tirunelveli Mandi
c3ccca23,DEMO-FARM-0287,Tirunelveli,Kharif 2026,Maize,295.4,42.7,12613.6,2025-09-14,Tirunelveli Mandi
98d0df54,DEMO-FARM-0288,Kovilpatti,Kharif 2026,Groundnut,974.7,44.4,43276.7,2025-09-15,Kovilpatti Mandi
9eaf9ffa,DEMO-FARM-0288,Kovilpatti,Kharif 2026,Groundnut,578.5,15.4,8908.9,2025-09-29,Kovilpatti Mandi
f4fd6ed8,DEMO-FARM-0288,Kovilpatti,Kharif 2026,Groundnut,1134.2,25.5,28922.1,2025-09-04,Kovilpatti Mandi
59b366d0,DEMO-FARM-0289,Trichy,Kharif 2026,Cotton,1437.2,19.7,28312.8,2025-10-23,Trichy Mandi
8cedce51,DEMO-FARM-0289,Trichy,Kharif 2026,Cotton,1125.2,32.3,36344.0,2025-09-04,Trichy Mandi
f7136074,DEMO-FARM-0289,Trichy,Kharif 2026,Cotton,865.2,55.6,48105.1,2025-09-02,Trichy Mandi
f7845146,DEMO-FARM-0290,Madurai,Kharif 2026,Sugarcane,4193.8,39.3,164816.3,2025-10-18,Madurai Mandi
d8047124,DEMO-FARM-0291,Nagapattinam,Rabi 2025,Cotton,953.0,36.4,34689.2,2025-09-17,Nagapattinam Mandi
af5d1bde,DEMO-FARM-0291,Nagapattinam,Rabi 2025,Cotton,5616.7,58.1,326330.3,2025-10-12,Nagapattinam Mandi
a36e2845,DEMO-FARM-0291,Nagapattinam,Rabi 2025,Cotton,6842.7,35.4,242231.6,2025-10-17,Nagapattinam Mandi
71a18536,DEMO-FARM-0292,Trichy,Kharif 2026,Sorghum,1607.5,33.9,54494.2,2025-10-25,Trichy Mandi
1ee7e526,DEMO-FARM-0292,Trichy,Kharif 2026,Sorghum,3055.7,49.6,151562.7,2025-09-24,Trichy Mandi
dd3dcf64,DEMO-FARM-0293,Coimbatore,Kharif 2025,Maize,5055.1,17.4,87958.7,2025-09-23,Coimbatore Mandi
6eda3ae6,DEMO-FARM-0294,Vellore,Rabi 2025,Maize,1130.7,51.9,58683.3,2025-09-22,Vellore Mandi
9e940bf1,DEMO-FARM-0295,Tirunelveli,Kharif 2025,Millets,9737.1,25.6,249269.8,2025-10-04,Tirunelveli Mandi
4820a9a4,DEMO-FARM-0296,Vellore,Rabi 2025,Millets,1047.2,25.4,26598.9,2025-09-06,Vellore Mandi
2e8ff522,DEMO-FARM-0296,Vellore,Rabi 2025,Millets,420.6,44.6,18758.8,2025-09-23,Vellore Mandi
7bcf17d2,DEMO-FARM-0296,Vellore,Rabi 2025,Millets,677.7,48.5,32868.5,2025-09-25,Vellore Mandi
b5d8eb59,DEMO-FARM-0297,Kovilpatti,Kharif 2026,Groundnut,5913.2,31.9,188631.1,2025-09-22,Kovilpatti Mandi
e4a59826,DEMO-FARM-0297,Kovilpatti,Kharif 2026,Groundnut,7873.6,15.4,121253.4,2025-10-18,Kovilpatti Mandi
6c983173,DEMO-FARM-0298,Tirunelveli,Kharif 2025,Groundnut,4686.3,29.8,139651.7,2025-10-12,Tirunelveli Mandi
d1704256,DEMO-FARM-0298,Tirunelveli,Kharif 2025,Groundnut,4276.8,32.1,137285.3,2025-10-28,Tirunelveli Mandi
f65eee59,DEMO-FARM-0298,Tirunelveli,Kharif 2025,Groundnut,1544.8,29.2,45108.2,2025-10-26,Tirunelveli Mandi
cb18821a,DEMO-FARM-0299,Nagapattinam,Kharif 2025,Millets,1020.1,33.1,33765.3,2025-10-15,Nagapattinam Mandi
3213d964,DEMO-FARM-0299,Nagapattinam,Kharif 2025,Millets,4247.5,35.7,151635.8,2025-10-06,Nagapattinam Mandi
2faea5f3,DEMO-FARM-0300,Kovilpatti,Kharif 2026,Cotton,2789.2,43.9,122445.9,2025-09-04,Kovilpatti Mandi
d9cabcdb,DEMO-FARM-0300,Kovilpatti,Kharif 2026,Cotton,4193.4,27.1,113641.1,2025-09-23,Kovilpatti Mandi
2c79fdc0,DEMO-FARM-0301,Coimbatore,Kharif 2026,Millets,1872.5,44.6,83513.5,2025-10-01,Coimbatore Mandi
92c364af,DEMO-FARM-0301,Coimbatore,Kharif 2026,Millets,317.9,18.0,5722.2,2025-09-24,Coimbatore Mandi
61fcb7f7,DEMO-FARM-0302,Madurai,Rabi 2025,Millets,738.3,55.1,40680.3,2025-09-05,Madurai Mandi
70ee6692,DEMO-FARM-0302,Madurai,Rabi 2025,Millets,1989.1,19.1,37991.8,2025-09-04,Madurai Mandi
92044ab9,DEMO-FARM-0302,Madurai,Rabi 2025,Millets,953.4,58.0,55297.2,2025-10-30,Madurai Mandi
95735bd0,DEMO-FARM-0303,Coimbatore,Kharif 2025,Groundnut,3788.8,43.2,163676.2,2025-09-21,Coimbatore Mandi
6548a6c1,DEMO-FARM-0303,Coimbatore,Kharif 2025,Groundnut,3405.0,53.0,180465.0,2025-10-06,Coimbatore Mandi
df74037b,DEMO-FARM-0304,Coimbatore,Kharif 2026,Maize,4224.7,31.7,133923.0,2025-09-16,Coimbatore Mandi
8356f838,DEMO-FARM-0305,Nilgiris,Kharif 2025,Cotton,16198.6,57.3,928179.8,2025-09-06,Nilgiris Mandi
8ff9afab,DEMO-FARM-0306,Nilgiris,Kharif 2026,Rice,2284.4,25.7,58709.1,2025-09-28,Nilgiris Mandi
38bea11f,DEMO-FARM-0306,Nilgiris,Kharif 2026,Rice,2559.0,41.3,105686.7,2025-09-30,Nilgiris Mandi
8939e77a,DEMO-FARM-0307,Madurai,Kharif 2025,Millets,4147.8,18.3,75904.7,2025-10-24,Madurai Mandi
f45a7945,DEMO-FARM-0308,Kovilpatti,Kharif 2026,Rice,1061.1,46.6,49447.3,2025-10-11,Kovilpatti Mandi
bcab2f0f,DEMO-FARM-0308,Kovilpatti,Kharif 2026,Rice,399.9,55.9,22354.4,2025-09-30,Kovilpatti Mandi
9e217744,DEMO-FARM-0308,Kovilpatti,Kharif 2026,Rice,1131.2,58.0,65609.6,2025-09-27,Kovilpatti Mandi
2fe4acef,DEMO-FARM-0309,Tirunelveli,Kharif 2026,Maize,2699.6,39.9,107714.0,2025-10-27,Tirunelveli Mandi
37c6503a,DEMO-FARM-0310,Kovilpatti,Rabi 2025,Groundnut,75.7,53.5,4050.0,2025-10-18,Kovilpatti Mandi
3c6df747,DEMO-FARM-0310,Kovilpatti,Rabi 2025,Groundnut,457.9,16.0,7326.4,2025-10-02,Kovilpatti Mandi
7cb03f1b,DEMO-FARM-0310,Kovilpatti,Rabi 2025,Groundnut,68.0,39.8,2706.4,2025-10-14,Kovilpatti Mandi
ddc9920a,DEMO-FARM-0311,Trichy,Kharif 2025,Maize,2652.5,21.5,57028.8,2025-10-25,Trichy Mandi
c5d8830b,DEMO-FARM-0312,Thanjavur,Rabi 2025,Cotton,856.3,27.9,23890.8,2025-09-06,Thanjavur Mandi
a00bb593,DEMO-FARM-0313,Nagapattinam,Rabi 2025,Maize,798.6,57.8,46159.1,2025-10-13,Nagapattinam Mandi
db028503,DEMO-FARM-0314,Madurai,Kharif 2026,Cotton,2533.0,25.0,63325.0,2025-10-19,Madurai Mandi
73580ed7,DEMO-FARM-0314,Madurai,Kharif 2026,Cotton,9402.1,37.2,349758.1,2025-09-22,Madurai Mandi
da0ce374,DEMO-FARM-0315,Trichy,Rabi 2025,Groundnut,1795.9,43.4,77942.1,2025-09-24,Trichy Mandi
40cca991,DEMO-FARM-0315,Trichy,Rabi 2025,Groundnut,1521.6,15.0,22824.0,2025-10-19,Trichy Mandi
cca376e9,DEMO-FARM-0315,Trichy,Rabi 2025,Groundnut,3407.5,58.6,199679.5,2025-10-14,Trichy Mandi
caa81f2f,DEMO-FARM-0316,Vellore,Kharif 2026,Pulses,5825.4,59.0,343698.6,2025-10-21,Vellore Mandi
d561b61c,DEMO-FARM-0317,Thanjavur,Rabi 2025,Pulses,4695.7,23.7,111288.1,2025-09-08,Thanjavur Mandi
3d40c82a,DEMO-FARM-0318,Kovilpatti,Rabi 2025,Sorghum,7944.5,31.8,252635.1,2025-10-29,Kovilpatti Mandi
410df034,DEMO-FARM-0319,Vellore,Kharif 2026,Groundnut,14489.7,22.1,320222.4,2025-09-04,Vellore Mandi
02769be6,DEMO-FARM-0320,Coimbatore,Kharif 2025,Maize,9844.8,28.2,277623.4,2025-10-03,Coimbatore Mandi
8223694b,DEMO-FARM-0321,Tirunelveli,Kharif 2026,Groundnut,2437.1,24.5,59708.9,2025-09-01,Tirunelveli Mandi
eea26f08,DEMO-FARM-0321,Tirunelveli,Kharif 2026,Groundnut,7598.9,36.9,280399.4,2025-10-27,Tirunelveli Mandi
d3b9c80f,DEMO-FARM-0322,Nagapattinam,Kharif 2026,Groundnut,572.5,19.1,10934.8,2025-10-05,Nagapattinam Mandi
c090cb78,DEMO-FARM-0322,Nagapattinam,Kharif 2026,Groundnut,2512.6,52.0,130655.2,2025-09-27,Nagapattinam Mandi
f86b6c72,DEMO-FARM-0323,Thanjavur,Kharif 2025,Cotton,3415.6,43.4,148237.0,2025-10-16,Thanjavur Mandi
e87c3f90,DEMO-FARM-0324,Kovilpatti,Rabi 2025,Rice,1640.6,18.4,30187.0,2025-09-20,Kovilpatti Mandi
f2912951,DEMO-FARM-0325,Madurai,Kharif 2025,Pulses,4629.9,57.7,267145.2,2025-09-30,Madurai Mandi
223e677c,DEMO-FARM-0325,Madurai,Kharif 2025,Pulses,2626.0,55.8,146530.8,2025-09-09,Madurai Mandi
d5395dec,DEMO-FARM-0325,Madurai,Kharif 2025,Pulses,5258.1,32.6,171414.1,2025-10-04,Madurai Mandi
15fd99ea,DEMO-FARM-0326,Kovilpatti,Kharif 2025,Groundnut,1166.2,46.9,54694.8,2025-09-03,Kovilpatti Mandi
f942b2d7,DEMO-FARM-0326,Kovilpatti,Kharif 2025,Groundnut,486.5,42.4,20627.6,2025-10-09,Kovilpatti Mandi
ae2fb307,DEMO-FARM-0327,Coimbatore,Kharif 2026,Maize,4699.5,53.4,250953.3,2025-10-08,Coimbatore Mandi
82b55f7b,DEMO-FARM-0327,Coimbatore,Kharif 2026,Maize,1989.4,53.8,107029.7,2025-10-01,Coimbatore Mandi
aa854e1e,DEMO-FARM-0327,Coimbatore,Kharif 2026,Maize,2762.8,42.2,116590.2,2025-10-13,Coimbatore Mandi
34cb2b45,DEMO-FARM-0328,Trichy,Kharif 2026,Cotton,22035.1,42.4,934288.2,2025-10-01,Trichy Mandi
e32f7e98,DEMO-FARM-0329,Nilgiris,Kharif 2026,Pulses,1026.2,52.0,53362.4,2025-10-04,Nilgiris Mandi
5f015f5c,DEMO-FARM-0329,Nilgiris,Kharif 2026,Pulses,1005.0,28.3,28441.5,2025-09-22,Nilgiris Mandi
06a06dfb,DEMO-FARM-0330,Nagapattinam,Rabi 2025,Groundnut,1716.0,25.8,44272.8,2025-10-24,Nagapattinam Mandi
4a947a0f,DEMO-FARM-0331,Madurai,Kharif 2025,Maize,9948.1,19.7,195977.6,2025-09-03,Madurai Mandi
c955b4f6,DEMO-FARM-0331,Madurai,Kharif 2025,Maize,10167.9,18.6,189122.9,2025-09-24,Madurai Mandi
a37dcbef,DEMO-FARM-0332,Krishnagiri,Kharif 2025,Rice,223.8,39.4,8817.7,2025-10-18,Krishnagiri Mandi
323ab502,DEMO-FARM-0332,Krishnagiri,Kharif 2025,Rice,1304.6,40.9,53358.1,2025-10-11,Krishnagiri Mandi
9749692e,DEMO-FARM-0332,Krishnagiri,Kharif 2025,Rice,786.5,31.3,24617.5,2025-09-19,Krishnagiri Mandi
65d01583,DEMO-FARM-0333,Kovilpatti,Kharif 2025,Maize,4647.1,30.5,141736.6,2025-10-13,Kovilpatti Mandi
8356747d,DEMO-FARM-0333,Kovilpatti,Kharif 2025,Maize,811.1,35.0,28388.5,2025-10-01,Kovilpatti Mandi
e7a10d4b,DEMO-FARM-0333,Kovilpatti,Kharif 2025,Maize,3907.8,28.0,109418.4,2025-09-16,Kovilpatti Mandi
9c2026dd,DEMO-FARM-0334,Nagapattinam,Kharif 2025,Rice,13926.5,22.5,313346.2,2025-09-19,Nagapattinam Mandi
b58df57a,DEMO-FARM-0335,Nagapattinam,Rabi 2025,Millets,5275.4,59.2,312303.7,2025-09-19,Nagapattinam Mandi
6733f627,DEMO-FARM-0335,Nagapattinam,Rabi 2025,Millets,1900.1,33.1,62893.3,2025-09-29,Nagapattinam Mandi
42279d0a,DEMO-FARM-0335,Nagapattinam,Rabi 2025,Millets,7128.5,40.2,286565.7,2025-09-18,Nagapattinam Mandi
2b0572f2,DEMO-FARM-0336,Kovilpatti,Rabi 2025,Sugarcane,665.7,15.1,10052.1,2025-09-23,Kovilpatti Mandi
faa22ca3,DEMO-FARM-0336,Kovilpatti,Rabi 2025,Sugarcane,873.2,54.0,47152.8,2025-10-15,Kovilpatti Mandi
f130529e,DEMO-FARM-0337,Thanjavur,Kharif 2025,Millets,7679.5,48.3,370919.8,2025-09-22,Thanjavur Mandi
fd862ea0,DEMO-FARM-0337,Thanjavur,Kharif 2025,Millets,2893.8,46.0,133114.8,2025-09-26,Thanjavur Mandi
a56b25f6,DEMO-FARM-0338,Vellore,Rabi 2025,Maize,1684.2,59.2,99704.6,2025-10-28,Vellore Mandi
f36df1f1,DEMO-FARM-0339,Krishnagiri,Rabi 2025,Sugarcane,6879.0,29.1,200178.9,2025-09-28,Krishnagiri Mandi
f2094655,DEMO-FARM-0339,Krishnagiri,Rabi 2025,Sugarcane,3844.4,49.8,191451.1,2025-09-29,Krishnagiri Mandi
b0339dc5,DEMO-FARM-0340,Thanjavur,Rabi 2025,Millets,2034.5,26.8,54524.6,2025-09-06,Thanjavur Mandi
0d93f9d6,DEMO-FARM-0340,Thanjavur,Rabi 2025,Millets,7092.7,46.8,331938.4,2025-09-01,Thanjavur Mandi
c04ef5ff,DEMO-FARM-0340,Thanjavur,Rabi 2025,Millets,5256.4,33.2,174512.5,2025-10-29,Thanjavur Mandi
7d90e20b,DEMO-FARM-0341,Kovilpatti,Kharif 2026,Maize,9306.8,23.1,214987.1,2025-09-18,Kovilpatti Mandi
97f17e0c,DEMO-FARM-0342,Coimbatore,Rabi 2025,Millets,11332.3,38.3,434027.1,2025-10-21,Coimbatore Mandi
9c17f07d,DEMO-FARM-0343,Madurai,Kharif 2026,Groundnut,1522.4,23.3,35471.9,2025-09-10,Madurai Mandi
fb254e57,DEMO-FARM-0343,Madurai,Kharif 2026,Groundnut,5191.4,15.3,79428.4,2025-09-08,Madurai Mandi
d72dd874,DEMO-FARM-0344,Vellore,Rabi 2025,Cotton,438.3,27.9,12228.6,2025-09-08,Vellore Mandi
f5af2967,DEMO-FARM-0344,Vellore,Rabi 2025,Cotton,915.4,17.1,15653.3,2025-09-10,Vellore Mandi
90320e77,DEMO-FARM-0344,Vellore,Rabi 2025,Cotton,196.3,52.1,10227.2,2025-09-03,Vellore Mandi
bebfc4d9,DEMO-FARM-0345,Coimbatore,Kharif 2025,Millets,1559.6,19.0,29632.4,2025-09-09,Coimbatore Mandi
5e62cc75,DEMO-FARM-0345,Coimbatore,Kharif 2025,Millets,2213.3,33.8,74809.5,2025-10-22,Coimbatore Mandi
e1747e94,DEMO-FARM-0346,Tirunelveli,Kharif 2026,Rice,8242.6,42.3,348662.0,2025-09-10,Tirunelveli Mandi
e7ff1394,DEMO-FARM-0347,Trichy,Kharif 2026,Millets,3385.7,37.8,127979.5,2025-09-20,Trichy Mandi
61d3ef95,DEMO-FARM-0348,Nilgiris,Kharif 2025,Rice,1169.9,53.3,62355.7,2025-09-03,Nilgiris Mandi
ce9a3fc2,DEMO-FARM-0348,Nilgiris,Kharif 2025,Rice,1512.6,32.8,49613.3,2025-09-10,Nilgiris Mandi
a63b6ee6,DEMO-FARM-0348,Nilgiris,Kharif 2025,Rice,429.7,56.3,24192.1,2025-09-07,Nilgiris Mandi
c86306fe,DEMO-FARM-0349,Coimbatore,Rabi 2025,Cotton,4354.3,55.3,240792.8,2025-10-22,Coimbatore Mandi
3dc43b94,DEMO-FARM-0349,Coimbatore,Rabi 2025,Cotton,6304.1,58.9,371311.5,2025-10-17,Coimbatore Mandi
51a4da2e,DEMO-FARM-0350,Madurai,Rabi 2025,Groundnut,5543.4,48.8,270517.9,2025-09-10,Madurai Mandi
59538277,DEMO-FARM-0350,Madurai,Rabi 2025,Groundnut,2201.6,22.2,48875.5,2025-10-16,Madurai Mandi
37c7d872,DEMO-FARM-0350,Madurai,Rabi 2025,Groundnut,694.5,52.8,36669.6,2025-10-27,Madurai Mandi
a33a180e,DEMO-FARM-0351,Nagapattinam,Kharif 2026,Cotton,4012.6,49.6,199025.0,2025-09-24,Nagapattinam Mandi
a60ec369,DEMO-FARM-0352,Nagapattinam,Kharif 2025,Sugarcane,987.2,31.0,30603.2,2025-10-26,Nagapattinam Mandi
215ebaf9,DEMO-FARM-0353,Thanjavur,Kharif 2026,Pulses,3858.9,32.5,125414.2,2025-09-30,Thanjavur Mandi
bfe6cd91,DEMO-FARM-0353,Thanjavur,Kharif 2026,Pulses,3944.5,52.3,206297.3,2025-09-28,Thanjavur Mandi
d44eaf49,DEMO-FARM-0354,Vellore,Kharif 2025,Sugarcane,1110.1,44.7,49621.5,2025-10-15,Vellore Mandi
fe0dde35,DEMO-FARM-0354,Vellore,Kharif 2025,Sugarcane,172.2,16.9,2910.2,2025-09-07,Vellore Mandi
2c39ba31,DEMO-FARM-0354,Vellore,Kharif 2025,Sugarcane,189.7,39.6,7512.1,2025-09-13,Vellore Mandi
fe2aac01,DEMO-FARM-0355,Nilgiris,Kharif 2026,Groundnut,5309.1,45.7,242625.9,2025-10-12,Nilgiris Mandi
a047f676,DEMO-FARM-0355,Nilgiris,Kharif 2026,Groundnut,5696.7,18.4,104819.3,2025-09-26,Nilgiris Mandi
f9d99eaf,DEMO-FARM-0356,Krishnagiri,Kharif 2026,Rice,8569.3,36.9,316207.2,2025-10-19,Krishnagiri Mandi
0b26b319,DEMO-FARM-0357,Krishnagiri,Rabi 2025,Sorghum,3494.4,42.8,149560.3,2025-10-02,Krishnagiri Mandi
c94b4817,DEMO-FARM-0357,Krishnagiri,Rabi 2025,Sorghum,1439.7,26.0,37432.2,2025-10-08,Krishnagiri Mandi
0eb003fb,DEMO-FARM-0358,Kovilpatti,Kharif 2025,Groundnut,2193.5,28.4,62295.4,2025-09-10,Kovilpatti Mandi
2b365f67,DEMO-FARM-0358,Kovilpatti,Kharif 2025,Groundnut,3407.9,58.7,200043.7,2025-09-21,Kovilpatti Mandi
7c4730c7,DEMO-FARM-0358,Kovilpatti,Kharif 2025,Groundnut,1369.8,42.1,57668.6,2025-10-17,Kovilpatti Mandi
efe77512,DEMO-FARM-0359,Thanjavur,Kharif 2025,Millets,2476.8,24.7,61177.0,2025-09-24,Thanjavur Mandi
0680f7ff,DEMO-FARM-0359,Thanjavur,Kharif 2025,Millets,3957.3,34.9,138109.8,2025-10-23,Thanjavur Mandi
b6d7fc78,DEMO-FARM-0360,Tirunelveli,Kharif 2025,Sugarcane,7258.9,17.2,124853.1,2025-09-18,Tirunelveli Mandi
53bea9df,DEMO-FARM-0361,Kovilpatti,Kharif 2025,Pulses,4888.3,51.4,251258.6,2025-09-19,Kovilpatti Mandi
7ffc3c7d,DEMO-FARM-0361,Kovilpatti,Kharif 2025,Pulses,3872.7,18.2,70483.1,2025-09-18,Kovilpatti Mandi
59244aad,DEMO-FARM-0362,Tirunelveli,Kharif 2025,Rice,412.8,26.1,10774.1,2025-10-23,Tirunelveli Mandi
8e63730b,DEMO-FARM-0363,Coimbatore,Kharif 2026,Sorghum,23345.0,28.6,667667.0,2025-10-23,Coimbatore Mandi
28191578,DEMO-FARM-0364,Nilgiris,Kharif 2025,Cotton,6362.1,57.9,368365.6,2025-09-20,Nilgiris Mandi
17e89302,DEMO-FARM-0365,Madurai,Kharif 2026,Groundnut,5950.5,48.5,288599.2,2025-09-02,Madurai Mandi
4ee9bba2,DEMO-FARM-0366,Thanjavur,Rabi 2025,Millets,854.8,26.6,22737.7,2025-10-04,Thanjavur Mandi
7dc5d80b,DEMO-FARM-0366,Thanjavur,Rabi 2025,Millets,4664.3,45.9,214091.4,2025-10-05,Thanjavur Mandi
a4db1ae5,DEMO-FARM-0367,Tirunelveli,Rabi 2025,Cotton,649.3,41.1,26686.2,2025-10-16,Tirunelveli Mandi
bd7d1d3a,DEMO-FARM-0367,Tirunelveli,Rabi 2025,Cotton,1892.9,45.0,85180.5,2025-09-22,Tirunelveli Mandi
3c1d1688,DEMO-FARM-0368,Thanjavur,Kharif 2026,Cotton,15855.1,33.8,535902.4,2025-09-21,Thanjavur Mandi
51d4c3b6,DEMO-FARM-0369,Trichy,Kharif 2026,Sugarcane,2379.0,15.4,36636.6,2025-10-19,Trichy Mandi
3367fe72,DEMO-FARM-0369,Trichy,Kharif 2026,Sugarcane,3929.5,45.8,179971.1,2025-10-25,Trichy Mandi
f27967af,DEMO-FARM-0369,Trichy,Kharif 2026,Sugarcane,4088.1,37.6,153712.6,2025-09-18,Trichy Mandi
4f5a5acb,DEMO-FARM-0370,Coimbatore,Kharif 2026,Millets,4910.5,43.0,211151.5,2025-10-09,Coimbatore Mandi
5470a8ea,DEMO-FARM-0371,Madurai,Rabi 2025,Sugarcane,1923.1,44.8,86154.9,2025-09-30,Madurai Mandi
a654c344,DEMO-FARM-0372,Nilgiris,Kharif 2025,Pulses,5142.9,21.0,108000.9,2025-09-23,Nilgiris Mandi
82dfa005,DEMO-FARM-0373,Tirunelveli,Rabi 2025,Rice,1910.8,18.2,34776.6,2025-10-20,Tirunelveli Mandi
92511a96,DEMO-FARM-0374,Coimbatore,Kharif 2026,Sugarcane,3564.4,52.3,186418.1,2025-10-18,Coimbatore Mandi
89aab07b,DEMO-FARM-0374,Coimbatore,Kharif 2026,Sugarcane,3886.3,31.2,121252.6,2025-09-08,Coimbatore Mandi
6f382fcc,DEMO-FARM-0375,Trichy,Kharif 2026,Sorghum,3449.9,55.4,191124.5,2025-09-11,Trichy Mandi
49f3f5cf,DEMO-FARM-0375,Trichy,Kharif 2026,Sorghum,3466.5,49.8,172631.7,2025-09-17,Trichy Mandi
da2c6c9a,DEMO-FARM-0375,Trichy,Kharif 2026,Sorghum,4032.8,50.0,201640.0,2025-10-20,Trichy Mandi
be024109,DEMO-FARM-0376,Nilgiris,Kharif 2025,Groundnut,639.8,21.2,13563.8,2025-09-05,Nilgiris Mandi
63fb5977,DEMO-FARM-0376,Nilgiris,Kharif 2025,Groundnut,3722.3,23.4,87101.8,2025-09-30,Nilgiris Mandi
a960cc7b,DEMO-FARM-0376,Nilgiris,Kharif 2025,Groundnut,2488.8,51.2,127426.6,2025-09-20,Nilgiris Mandi
a9983c67,DEMO-FARM-0377,Madurai,Kharif 2026,Millets,3634.3,42.0,152640.6,2025-09-07,Madurai Mandi
bd481a99,DEMO-FARM-0377,Madurai,Kharif 2026,Millets,3851.9,18.6,71645.3,2025-09-02,Madurai Mandi
59320781,DEMO-FARM-0377,Madurai,Kharif 2026,Millets,3760.2,39.7,149279.9,2025-10-12,Madurai Mandi
d6e6d2a0,DEMO-FARM-0378,Vellore,Rabi 2025,Rice,5072.8,19.3,97905.0,2025-10-24,Vellore Mandi
41c89d8a,DEMO-FARM-0379,Vellore,Kharif 2026,Sugarcane,7754.5,55.9,433476.5,2025-10-25,Vellore Mandi
55250aab,DEMO-FARM-0380,Madurai,Kharif 2026,Sorghum,1100.2,55.4,60951.1,2025-10-29,Madurai Mandi
7b4a9c20,DEMO-FARM-0380,Madurai,Kharif 2026,Sorghum,879.7,38.1,33516.6,2025-10-03,Madurai Mandi
b44afa80,DEMO-FARM-0380,Madurai,Kharif 2026,Sorghum,2634.0,28.7,75595.8,2025-10-18,Madurai Mandi
1a609792,DEMO-FARM-0381,Tirunelveli,Kharif 2025,Maize,1518.2,50.8,77124.6,2025-09-12,Tirunelveli Mandi
b9910e19,DEMO-FARM-0381,Tirunelveli,Kharif 2025,Maize,2605.7,34.7,90417.8,2025-10-27,Tirunelveli Mandi
a54703ba,DEMO-FARM-0381,Tirunelveli,Kharif 2025,Maize,1124.2,42.1,47328.8,2025-09-28,Tirunelveli Mandi
4c783d2c,DEMO-FARM-0382,Madurai,Kharif 2026,Rice,1255.6,54.1,67928.0,2025-09-09,Madurai Mandi
a538de6e,DEMO-FARM-0382,Madurai,Kharif 2026,Rice,2047.6,57.9,118556.0,2025-10-08,Madurai Mandi
d4ab625d,DEMO-FARM-0382,Madurai,Kharif 2026,Rice,2848.5,34.4,97988.4,2025-09-02,Madurai Mandi
d5c7dfdb,DEMO-FARM-0383,Tirunelveli,Kharif 2026,Groundnut,3780.5,38.3,144793.1,2025-09-14,Tirunelveli Mandi
6976ede6,DEMO-FARM-0383,Tirunelveli,Kharif 2026,Groundnut,349.8,44.4,15531.1,2025-09-30,Tirunelveli Mandi
c88ca2c1,DEMO-FARM-0384,Nilgiris,Kharif 2025,Rice,431.3,30.9,13327.2,2025-09-07,Nilgiris Mandi
c2bb9102,DEMO-FARM-0384,Nilgiris,Kharif 2025,Rice,2862.5,23.8,68127.5,2025-10-20,Nilgiris Mandi
982416d8,DEMO-FARM-0384,Nilgiris,Kharif 2025,Rice,868.0,54.0,46872.0,2025-10-05,Nilgiris Mandi
959e4c92,DEMO-FARM-0385,Nagapattinam,Kharif 2026,Rice,15611.6,48.0,749356.8,2025-09-28,Nagapattinam Mandi
c9b75158,DEMO-FARM-0386,Thanjavur,Kharif 2026,Sorghum,777.4,17.8,13837.7,2025-09-12,Thanjavur Mandi
a4c73a4c,DEMO-FARM-0386,Thanjavur,Kharif 2026,Sorghum,2686.9,23.8,63948.2,2025-10-06,Thanjavur Mandi
6f70c525,DEMO-FARM-0386,Thanjavur,Kharif 2026,Sorghum,2204.9,28.2,62178.2,2025-09-05,Thanjavur Mandi
50e595dc,DEMO-FARM-0387,Nilgiris,Rabi 2025,Cotton,309.0,36.4,11247.6,2025-09-13,Nilgiris Mandi
d2b9aab4,DEMO-FARM-0387,Nilgiris,Rabi 2025,Cotton,1631.6,59.0,96264.4,2025-09-06,Nilgiris Mandi
6faebe33,DEMO-FARM-0387,Nilgiris,Rabi 2025,Cotton,3275.2,22.8,74674.6,2025-09-01,Nilgiris Mandi
982ea420,DEMO-FARM-0388,Nilgiris,Rabi 2025,Maize,1612.5,39.9,64338.8,2025-10-23,Nilgiris Mandi
4173a67e,DEMO-FARM-0388,Nilgiris,Rabi 2025,Maize,2694.1,52.1,140362.6,2025-09-04,Nilgiris Mandi
e24664f1,DEMO-FARM-0389,Thanjavur,Kharif 2026,Rice,1201.0,20.7,24860.7,2025-09-20,Thanjavur Mandi
70ae4366,DEMO-FARM-0390,Coimbatore,Rabi 2025,Millets,1001.9,29.0,29055.1,2025-10-14,Coimbatore Mandi
c200fb58,DEMO-FARM-0390,Coimbatore,Rabi 2025,Millets,330.6,35.7,11802.4,2025-09-16,Coimbatore Mandi
3bc91d2f,DEMO-FARM-0391,Kovilpatti,Kharif 2025,Maize,4334.1,37.2,161228.5,2025-10-19,Kovilpatti Mandi
b1ca2259,DEMO-FARM-0392,Kovilpatti,Kharif 2026,Rice,1042.7,56.4,58808.3,2025-09-28,Kovilpatti Mandi
96810f70,DEMO-FARM-0392,Kovilpatti,Kharif 2026,Rice,1942.4,41.3,80221.1,2025-09-12,Kovilpatti Mandi
7320a57f,DEMO-FARM-0392,Kovilpatti,Kharif 2026,Rice,6523.5,28.8,187876.8,2025-09-19,Kovilpatti Mandi
d4fb8be9,DEMO-FARM-0393,Thanjavur,Rabi 2025,Sorghum,3751.4,30.0,112542.0,2025-10-04,Thanjavur Mandi
a2507ec2,DEMO-FARM-0393,Thanjavur,Rabi 2025,Sorghum,3225.6,33.7,108702.7,2025-10-18,Thanjavur Mandi
6935369c,DEMO-FARM-0394,Nilgiris,Rabi 2025,Rice,3485.8,22.1,77036.2,2025-09-12,Nilgiris Mandi
ec95315c,DEMO-FARM-0394,Nilgiris,Rabi 2025,Rice,4203.7,47.3,198835.0,2025-09-16,Nilgiris Mandi
357eb16b,DEMO-FARM-0394,Nilgiris,Rabi 2025,Rice,2652.2,39.0,103435.8,2025-10-21,Nilgiris Mandi
c9a2e20f,DEMO-FARM-0395,Krishnagiri,Kharif 2026,Pulses,3718.7,57.4,213453.4,2025-09-16,Krishnagiri Mandi
95fbbc6f,DEMO-FARM-0396,Nilgiris,Kharif 2025,Maize,10685.5,35.1,375061.0,2025-10-15,Nilgiris Mandi
ea2ffd8f,DEMO-FARM-0397,Krishnagiri,Kharif 2025,Maize,2809.0,44.7,125562.3,2025-09-02,Krishnagiri Mandi
2c471d0e,DEMO-FARM-0397,Krishnagiri,Kharif 2025,Maize,1682.3,34.6,58207.6,2025-10-08,Krishnagiri Mandi
3221d069,DEMO-FARM-0398,Tirunelveli,Rabi 2025,Maize,9765.1,23.7,231432.9,2025-10-15,Tirunelveli Mandi
6f9103ae,DEMO-FARM-0399,Thanjavur,Kharif 2025,Groundnut,675.4,43.1,29109.7,2025-09-07,Thanjavur Mandi
75fa3f71,DEMO-FARM-0399,Thanjavur,Kharif 2025,Groundnut,1282.8,23.0,29504.4,2025-09-11,Thanjavur Mandi
a05f8078,DEMO-FARM-0399,Thanjavur,Kharif 2025,Groundnut,2702.7,40.4,109189.1,2025-09-11,Thanjavur Mandi
289a6b2a,DEMO-FARM-0400,Nagapattinam,Kharif 2025,Maize,4941.9,50.6,250060.1,2025-10-01,Nagapattinam Mandi
aa059224,DEMO-FARM-0400,Nagapattinam,Kharif 2025,Maize,3709.3,23.9,88652.3,2025-09-15,Nagapattinam Mandi
cd5e8a80,DEMO-FARM-0400,Nagapattinam,Kharif 2025,Maize,5959.8,52.8,314677.4,2025-09-01,Nagapattinam Mandi
dbbc5535,DEMO-FARM-0401,Madurai,Kharif 2025,Groundnut,354.6,17.0,6028.2,2025-10-12,Madurai Mandi
8af9ab09,DEMO-FARM-0402,Nilgiris,Rabi 2025,Rice,3236.5,30.4,98389.6,2025-09-14,Nilgiris Mandi
ed335500,DEMO-FARM-0402,Nilgiris,Rabi 2025,Rice,5900.4,18.4,108567.4,2025-09-22,Nilgiris Mandi
77589428,DEMO-FARM-0403,Vellore,Rabi 2025,Groundnut,1363.1,33.1,45118.6,2025-10-05,Vellore Mandi
39efb9b8,DEMO-FARM-0403,Vellore,Rabi 2025,Groundnut,4235.7,20.4,86408.3,2025-09-03,Vellore Mandi
4bb532db,DEMO-FARM-0403,Vellore,Rabi 2025,Groundnut,5844.1,47.7,278763.6,2025-09-05,Vellore Mandi
2a08226a,DEMO-FARM-0404,Thanjavur,Kharif 2025,Rice,2822.9,49.1,138604.4,2025-10-18,Thanjavur Mandi
9bbb1940,DEMO-FARM-0404,Thanjavur,Kharif 2025,Rice,2991.3,48.7,145676.3,2025-10-21,Thanjavur Mandi
0a6e0ab3,DEMO-FARM-0404,Thanjavur,Kharif 2025,Rice,5851.4,41.2,241077.7,2025-10-17,Thanjavur Mandi
f89f895f,DEMO-FARM-0405,Krishnagiri,Rabi 2025,Sorghum,3006.8,54.5,163870.6,2025-10-19,Krishnagiri Mandi
26971072,DEMO-FARM-0406,Nilgiris,Kharif 2025,Rice,4161.7,57.8,240546.3,2025-09-14,Nilgiris Mandi
583bef77,DEMO-FARM-0406,Nilgiris,Kharif 2025,Rice,2094.1,24.3,50886.6,2025-10-26,Nilgiris Mandi
6832b1e3,DEMO-FARM-0406,Nilgiris,Kharif 2025,Rice,409.4,41.3,16908.2,2025-10-23,Nilgiris Mandi
01aa97aa,DEMO-FARM-0407,Tirunelveli,Kharif 2025,Sorghum,3033.0,26.0,78858.0,2025-10-27,Tirunelveli Mandi
fa66e073,DEMO-FARM-0407,Tirunelveli,Kharif 2025,Sorghum,496.4,55.1,27351.6,2025-09-23,Tirunelveli Mandi
6e968d7e,DEMO-FARM-0407,Tirunelveli,Kharif 2025,Sorghum,3320.4,44.3,147093.7,2025-09-11,Tirunelveli Mandi
1ec97362,DEMO-FARM-0408,Krishnagiri,Kharif 2025,Sorghum,6913.7,59.7,412747.9,2025-09-14,Krishnagiri Mandi
a2ebc1c5,DEMO-FARM-0409,Nagapattinam,Rabi 2025,Sorghum,3583.8,46.0,164854.8,2025-09-16,Nagapattinam Mandi
38c40433,DEMO-FARM-0409,Nagapattinam,Rabi 2025,Sorghum,9066.4,45.3,410707.9,2025-10-19,Nagapattinam Mandi
6ff58dd4,DEMO-FARM-0410,Vellore,Kharif 2026,Millets,1180.8,47.6,56206.1,2025-10-20,Vellore Mandi
3349844a,DEMO-FARM-0410,Vellore,Kharif 2026,Millets,462.8,46.8,21659.0,2025-10-26,Vellore Mandi
3db3761d,DEMO-FARM-0410,Vellore,Kharif 2026,Millets,1445.0,23.4,33813.0,2025-09-08,Vellore Mandi
ba25dbcb,DEMO-FARM-0411,Nagapattinam,Kharif 2026,Sugarcane,1137.0,59.4,67537.8,2025-10-19,Nagapattinam Mandi
e0212a25,DEMO-FARM-0411,Nagapattinam,Kharif 2026,Sugarcane,8411.4,46.2,388606.7,2025-09-12,Nagapattinam Mandi
c7d82f63,DEMO-FARM-0412,Coimbatore,Kharif 2026,Sugarcane,9250.5,48.6,449574.3,2025-09-02,Coimbatore Mandi
95417635,DEMO-FARM-0412,Coimbatore,Kharif 2026,Sugarcane,6587.7,46.8,308304.4,2025-10-22,Coimbatore Mandi
27b8589b,DEMO-FARM-0413,Coimbatore,Kharif 2026,Groundnut,1982.4,35.4,70177.0,2025-09-08,Coimbatore Mandi
65aea0cd,DEMO-FARM-0413,Coimbatore,Kharif 2026,Groundnut,2469.1,34.3,84690.1,2025-09-05,Coimbatore Mandi
a5ce7245,DEMO-FARM-0413,Coimbatore,Kharif 2026,Groundnut,1558.9,44.1,68747.5,2025-09-17,Coimbatore Mandi
7cec21da,DEMO-FARM-0414,Tirunelveli,Kharif 2026,Millets,3489.3,44.1,153878.1,2025-09-26,Tirunelveli Mandi
d44167ea,DEMO-FARM-0415,Trichy,Kharif 2026,Groundnut,1672.2,49.1,82105.0,2025-09-12,Trichy Mandi
93b5be4d,DEMO-FARM-0415,Trichy,Kharif 2026,Groundnut,4093.7,25.4,103980.0,2025-09-06,Trichy Mandi
e324ce60,DEMO-FARM-0415,Trichy,Kharif 2026,Groundnut,2624.3,51.6,135413.9,2025-09-24,Trichy Mandi
40b667a1,DEMO-FARM-0416,Krishnagiri,Kharif 2025,Maize,460.9,21.8,10047.6,2025-09-02,Krishnagiri Mandi
2ebb37d8,DEMO-FARM-0416,Krishnagiri,Kharif 2025,Maize,6387.3,49.2,314255.2,2025-09-23,Krishnagiri Mandi
19a34c75,DEMO-FARM-0416,Krishnagiri,Kharif 2025,Maize,1366.6,19.1,26102.1,2025-10-02,Krishnagiri Mandi
755079c9,DEMO-FARM-0417,Nagapattinam,Kharif 2026,Sugarcane,1818.1,55.3,100540.9,2025-10-04,Nagapattinam Mandi
c9de4115,DEMO-FARM-0418,Trichy,Rabi 2025,Rice,1818.4,45.6,82919.0,2025-09-29,Trichy Mandi
c08177f7,DEMO-FARM-0418,Trichy,Rabi 2025,Rice,1937.6,15.6,30226.6,2025-09-19,Trichy Mandi
237e5b6d,DEMO-FARM-0418,Trichy,Rabi 2025,Rice,1779.3,59.4,105690.4,2025-09-01,Trichy Mandi
b6a7065f,DEMO-FARM-0419,Nilgiris,Kharif 2025,Sorghum,950.4,60.0,57024.0,2025-10-24,Nilgiris Mandi
7b1c3620,DEMO-FARM-0419,Nilgiris,Kharif 2025,Sorghum,760.1,36.9,28047.7,2025-09-05,Nilgiris Mandi
f2498b4c,DEMO-FARM-0420,Coimbatore,Kharif 2026,Pulses,458.0,58.5,26793.0,2025-09-16,Coimbatore Mandi
c7f638b1,DEMO-FARM-0420,Coimbatore,Kharif 2026,Pulses,3837.0,28.6,109738.2,2025-10-20,Coimbatore Mandi
4eeefd7e,DEMO-FARM-0421,Tirunelveli,Kharif 2026,Pulses,4023.0,18.6,74827.8,2025-10-16,Tirunelveli Mandi
2d56a17b,DEMO-FARM-0421,Tirunelveli,Kharif 2026,Pulses,3379.2,47.0,158822.4,2025-10-05,Tirunelveli Mandi
4e579561,DEMO-FARM-0421,Tirunelveli,Kharif 2026,Pulses,5726.6,17.8,101933.5,2025-09-03,Tirunelveli Mandi
56d1dddd,DEMO-FARM-0422,Nilgiris,Rabi 2025,Cotton,4040.5,50.7,204853.4,2025-10-28,Nilgiris Mandi
32a05076,DEMO-FARM-0422,Nilgiris,Rabi 2025,Cotton,1314.3,42.8,56252.0,2025-10-24,Nilgiris Mandi
ceb57add,DEMO-FARM-0422,Nilgiris,Rabi 2025,Cotton,3025.3,59.0,178492.7,2025-09-07,Nilgiris Mandi
cd243de6,DEMO-FARM-0423,Kovilpatti,Kharif 2025,Sorghum,6158.4,20.4,125631.4,2025-10-01,Kovilpatti Mandi
19c67b1d,DEMO-FARM-0424,Krishnagiri,Kharif 2025,Pulses,1597.3,21.7,34661.4,2025-10-22,Krishnagiri Mandi
afa2b69a,DEMO-FARM-0424,Krishnagiri,Kharif 2025,Pulses,1371.7,42.4,58160.1,2025-10-26,Krishnagiri Mandi
42951b72,DEMO-FARM-0424,Krishnagiri,Kharif 2025,Pulses,636.7,25.8,16426.9,2025-10-01,Krishnagiri Mandi
e5afbfcc,DEMO-FARM-0425,Nilgiris,Kharif 2025,Rice,3739.3,41.1,153685.2,2025-10-01,Nilgiris Mandi
8526881a,DEMO-FARM-0425,Nilgiris,Kharif 2025,Rice,4972.1,52.3,260040.8,2025-10-13,Nilgiris Mandi
1ad9850b,DEMO-FARM-0426,Coimbatore,Kharif 2026,Pulses,1308.4,22.7,29700.7,2025-09-28,Coimbatore Mandi
a39da4a6,DEMO-FARM-0426,Coimbatore,Kharif 2026,Pulses,557.8,27.8,15506.8,2025-10-22,Coimbatore Mandi
a223d056,DEMO-FARM-0427,Krishnagiri,Kharif 2025,Sugarcane,2873.3,29.7,85337.0,2025-09-13,Krishnagiri Mandi
3d4c679d,DEMO-FARM-0427,Krishnagiri,Kharif 2025,Sugarcane,1652.1,34.3,56667.0,2025-09-11,Krishnagiri Mandi
fb0ab747,DEMO-FARM-0427,Krishnagiri,Kharif 2025,Sugarcane,4862.1,19.8,96269.6,2025-10-30,Krishnagiri Mandi
a144c191,DEMO-FARM-0428,Tirunelveli,Kharif 2025,Groundnut,1060.4,52.3,55458.9,2025-09-15,Tirunelveli Mandi
8c848ccb,DEMO-FARM-0428,Tirunelveli,Kharif 2025,Groundnut,3363.1,41.8,140577.6,2025-09-22,Tirunelveli Mandi
193fcb58,DEMO-FARM-0428,Tirunelveli,Kharif 2025,Groundnut,4152.0,26.3,109197.6,2025-09-03,Tirunelveli Mandi
4fdf2bfb,DEMO-FARM-0429,Coimbatore,Kharif 2026,Cotton,2831.3,27.8,78710.1,2025-10-11,Coimbatore Mandi
cc5c2807,DEMO-FARM-0429,Coimbatore,Kharif 2026,Cotton,906.6,48.1,43607.5,2025-10-09,Coimbatore Mandi
5ec94add,DEMO-FARM-0430,Madurai,Kharif 2025,Rice,2058.8,18.4,37881.9,2025-10-03,Madurai Mandi
ac04ce7c,DEMO-FARM-0430,Madurai,Kharif 2025,Rice,1257.7,31.8,39994.9,2025-10-05,Madurai Mandi
fb4ef7ae,DEMO-FARM-0431,Madurai,Kharif 2025,Rice,9857.8,42.2,415999.2,2025-10-28,Madurai Mandi
8275c377,DEMO-FARM-0432,Nilgiris,Kharif 2025,Rice,2024.8,20.7,41913.4,2025-10-10,Nilgiris Mandi
4c93bee0,DEMO-FARM-0432,Nilgiris,Kharif 2025,Rice,1857.8,15.9,29539.0,2025-09-26,Nilgiris Mandi
f4ef9500,DEMO-FARM-0432,Nilgiris,Kharif 2025,Rice,2384.3,29.3,69860.0,2025-09-27,Nilgiris Mandi
f7165801,DEMO-FARM-0433,Tirunelveli,Kharif 2026,Groundnut,11954.9,42.9,512865.2,2025-09-17,Tirunelveli Mandi
df53079b,DEMO-FARM-0434,Coimbatore,Kharif 2025,Rice,901.9,20.4,18398.8,2025-10-30,Coimbatore Mandi
094bee43,DEMO-FARM-0434,Coimbatore,Kharif 2025,Rice,1144.8,55.4,63421.9,2025-10-30,Coimbatore Mandi
f954d95c,DEMO-FARM-0435,Vellore,Rabi 2025,Millets,5611.9,53.9,302481.4,2025-09-28,Vellore Mandi
cb57336b,DEMO-FARM-0435,Vellore,Rabi 2025,Millets,3336.0,28.6,95409.6,2025-10-30,Vellore Mandi
cc0b55ac,DEMO-FARM-0435,Vellore,Rabi 2025,Millets,4350.3,57.8,251447.3,2025-09-25,Vellore Mandi
57525404,DEMO-FARM-0436,Kovilpatti,Kharif 2025,Groundnut,2910.8,17.0,49483.6,2025-09-07,Kovilpatti Mandi
72d813e2,DEMO-FARM-0437,Kovilpatti,Rabi 2025,Cotton,1433.7,55.6,79713.7,2025-10-15,Kovilpatti Mandi
7204f383,DEMO-FARM-0437,Kovilpatti,Rabi 2025,Cotton,7006.3,45.7,320187.9,2025-09-12,Kovilpatti Mandi
85ab6deb,DEMO-FARM-0437,Kovilpatti,Rabi 2025,Cotton,2672.0,36.9,98596.8,2025-10-07,Kovilpatti Mandi
7fe2d7df,DEMO-FARM-0438,Vellore,Kharif 2025,Maize,5001.7,28.7,143548.8,2025-09-22,Vellore Mandi
1881e283,DEMO-FARM-0438,Vellore,Kharif 2025,Maize,5535.3,37.1,205359.6,2025-10-14,Vellore Mandi
f07b34b2,DEMO-FARM-0439,Nilgiris,Rabi 2025,Pulses,890.2,47.2,42017.4,2025-09-18,Nilgiris Mandi
a622ac8e,DEMO-FARM-0439,Nilgiris,Rabi 2025,Pulses,187.8,28.0,5258.4,2025-10-08,Nilgiris Mandi
52b28972,DEMO-FARM-0440,Kovilpatti,Kharif 2025,Cotton,1011.3,56.2,56835.1,2025-09-28,Kovilpatti Mandi
4b67cd34,DEMO-FARM-0440,Kovilpatti,Kharif 2025,Cotton,2810.7,28.5,80104.9,2025-09-24,Kovilpatti Mandi
5ef6cbe1,DEMO-FARM-0441,Vellore,Kharif 2026,Sorghum,312.9,45.2,14143.1,2025-09-23,Vellore Mandi
d580f99d,DEMO-FARM-0441,Vellore,Kharif 2026,Sorghum,1413.0,34.9,49313.7,2025-09-30,Vellore Mandi
0e20f378,DEMO-FARM-0442,Krishnagiri,Kharif 2025,Maize,5729.3,51.9,297350.7,2025-10-12,Krishnagiri Mandi
5cbe4181,DEMO-FARM-0442,Krishnagiri,Kharif 2025,Maize,566.2,21.0,11890.2,2025-09-09,Krishnagiri Mandi
91894f84,DEMO-FARM-0442,Krishnagiri,Kharif 2025,Maize,561.1,20.3,11390.3,2025-10-26,Krishnagiri Mandi
d97681c3,DEMO-FARM-0443,Madurai,Kharif 2026,Millets,1118.4,18.4,20578.6,2025-09-24,Madurai Mandi
1022a97c,DEMO-FARM-0443,Madurai,Kharif 2026,Millets,3550.6,32.0,113619.2,2025-10-20,Madurai Mandi
05ea1888,DEMO-FARM-0443,Madurai,Kharif 2026,Millets,2826.3,37.9,107116.8,2025-09-15,Madurai Mandi
10606fea,DEMO-FARM-0444,Nilgiris,Kharif 2026,Cotton,4228.7,42.1,178028.3,2025-10-30,Nilgiris Mandi
ebad71d0,DEMO-FARM-0444,Nilgiris,Kharif 2026,Cotton,1975.9,22.5,44457.8,2025-10-15,Nilgiris Mandi
a758d0b4,DEMO-FARM-0445,Madurai,Kharif 2025,Rice,212.9,15.6,3321.2,2025-09-24,Madurai Mandi
9cb66a96,DEMO-FARM-0445,Madurai,Kharif 2025,Rice,308.9,19.9,6147.1,2025-10-03,Madurai Mandi
221634e3,DEMO-FARM-0445,Madurai,Kharif 2025,Rice,474.0,32.0,15168.0,2025-09-22,Madurai Mandi
d6cfca75,DEMO-FARM-0446,Krishnagiri,Kharif 2025,Sorghum,1529.0,57.8,88376.2,2025-10-21,Krishnagiri Mandi
644d2226,DEMO-FARM-0447,Kovilpatti,Rabi 2025,Sorghum,7130.2,18.3,130482.7,2025-09-18,Kovilpatti Mandi
fd52b064,DEMO-FARM-0447,Kovilpatti,Rabi 2025,Sorghum,6353.5,29.3,186157.6,2025-09-26,Kovilpatti Mandi
13ebc718,DEMO-FARM-0448,Vellore,Kharif 2026,Sugarcane,9053.3,32.6,295137.6,2025-09-03,Vellore Mandi
132c728c,DEMO-FARM-0448,Vellore,Kharif 2026,Sugarcane,7043.5,28.1,197922.4,2025-09-15,Vellore Mandi
9d952d28,DEMO-FARM-0449,Nagapattinam,Kharif 2025,Groundnut,3543.1,38.8,137472.3,2025-09-07,Nagapattinam Mandi
b1827f33,DEMO-FARM-0449,Nagapattinam,Kharif 2025,Groundnut,785.5,51.6,40531.8,2025-10-26,Nagapattinam Mandi
f84607be,DEMO-FARM-0450,Thanjavur,Kharif 2026,Pulses,892.7,32.8,29280.6,2025-09-19,Thanjavur Mandi
e0361b6e,DEMO-FARM-0450,Thanjavur,Kharif 2026,Pulses,1139.1,22.6,25743.7,2025-09-18,Thanjavur Mandi
3c3be77b,DEMO-FARM-0451,Coimbatore,Rabi 2025,Pulses,16116.2,42.7,688161.7,2025-09-27,Coimbatore Mandi
7a6b1613,DEMO-FARM-0452,Trichy,Kharif 2025,Cotton,2857.8,33.8,96593.6,2025-09-23,Trichy Mandi
1b3bae74,DEMO-FARM-0452,Trichy,Kharif 2025,Cotton,9957.1,27.8,276807.4,2025-09-29,Trichy Mandi
ed796890,DEMO-FARM-0453,Madurai,Rabi 2025,Groundnut,2622.6,28.7,75268.6,2025-09-11,Madurai Mandi
fc7a8bcc,DEMO-FARM-0453,Madurai,Rabi 2025,Groundnut,1869.6,40.5,75718.8,2025-10-20,Madurai Mandi
68e51cc3,DEMO-FARM-0454,Krishnagiri,Rabi 2025,Rice,2407.5,23.5,56576.2,2025-09-11,Krishnagiri Mandi
4212a5e0,DEMO-FARM-0454,Krishnagiri,Rabi 2025,Rice,5397.8,25.8,139263.2,2025-09-29,Krishnagiri Mandi
2479066d,DEMO-FARM-0455,Vellore,Kharif 2026,Rice,3585.8,29.7,106498.3,2025-10-11,Vellore Mandi
8d11321d,DEMO-FARM-0455,Vellore,Kharif 2026,Rice,3975.5,40.4,160610.2,2025-09-24,Vellore Mandi
2044c12c,DEMO-FARM-0455,Vellore,Kharif 2026,Rice,1325.3,57.0,75542.1,2025-10-11,Vellore Mandi
c97804d9,DEMO-FARM-0456,Nilgiris,Rabi 2025,Rice,1903.9,25.8,49120.6,2025-10-24,Nilgiris Mandi
1012b854,DEMO-FARM-0457,Madurai,Kharif 2026,Millets,638.7,30.1,19224.9,2025-09-03,Madurai Mandi
dfe071a7,DEMO-FARM-0457,Madurai,Kharif 2026,Millets,420.4,38.3,16101.3,2025-09-01,Madurai Mandi
fbb9fe5f,DEMO-FARM-0457,Madurai,Kharif 2026,Millets,614.7,55.2,33931.4,2025-09-14,Madurai Mandi
9b8a2d46,DEMO-FARM-0458,Trichy,Rabi 2025,Millets,2508.6,54.4,136467.8,2025-09-18,Trichy Mandi
f69a60ba,DEMO-FARM-0459,Vellore,Rabi 2025,Pulses,6306.1,31.9,201164.6,2025-09-26,Vellore Mandi
0f5f525e,DEMO-FARM-0459,Vellore,Rabi 2025,Pulses,3201.1,29.2,93472.1,2025-09-30,Vellore Mandi
a946a0ae,DEMO-FARM-0460,Tirunelveli,Rabi 2025,Sorghum,1213.8,30.7,37263.7,2025-09-29,Tirunelveli Mandi
29bc1c5f,DEMO-FARM-0460,Tirunelveli,Rabi 2025,Sorghum,1998.1,48.8,97507.3,2025-09-20,Tirunelveli Mandi
a8e025e5,DEMO-FARM-0460,Tirunelveli,Rabi 2025,Sorghum,1835.6,32.5,59657.0,2025-10-13,Tirunelveli Mandi
fda0a661,DEMO-FARM-0461,Coimbatore,Rabi 2025,Rice,2492.1,23.2,57816.7,2025-09-29,Coimbatore Mandi
31591f99,DEMO-FARM-0461,Coimbatore,Rabi 2025,Rice,3317.2,35.4,117428.9,2025-10-26,Coimbatore Mandi
2ab28549,DEMO-FARM-0462,Thanjavur,Kharif 2025,Millets,324.2,53.6,17377.1,2025-10-06,Thanjavur Mandi
36c9ef24,DEMO-FARM-0462,Thanjavur,Kharif 2025,Millets,1154.6,51.4,59346.4,2025-10-20,Thanjavur Mandi
13395c03,DEMO-FARM-0463,Coimbatore,Kharif 2025,Groundnut,1736.9,30.8,53496.5,2025-09-09,Coimbatore Mandi
065f26cf,DEMO-FARM-0463,Coimbatore,Kharif 2025,Groundnut,6716.7,34.1,229039.5,2025-09-28,Coimbatore Mandi
01ac85a7,DEMO-FARM-0464,Trichy,Kharif 2026,Maize,2082.0,49.3,102642.6,2025-09-19,Trichy Mandi
f1a8d2af,DEMO-FARM-0465,Madurai,Kharif 2025,Maize,6914.0,23.6,163170.4,2025-10-04,Madurai Mandi
fefc7903,DEMO-FARM-0465,Madurai,Kharif 2025,Maize,3376.0,37.8,127612.8,2025-10-08,Madurai Mandi
c6ef6893,DEMO-FARM-0466,Vellore,Rabi 2025,Groundnut,11613.6,17.0,197431.2,2025-09-29,Vellore Mandi
9a8d7586,DEMO-FARM-0466,Vellore,Rabi 2025,Groundnut,5491.4,31.2,171331.7,2025-10-17,Vellore Mandi
86eb49aa,DEMO-FARM-0467,Nagapattinam,Rabi 2025,Sorghum,4638.1,17.6,81630.6,2025-09-26,Nagapattinam Mandi
9fa72106,DEMO-FARM-0467,Nagapattinam,Rabi 2025,Sorghum,2659.8,26.3,69952.7,2025-10-29,Nagapattinam Mandi
2f25694a,DEMO-FARM-0467,Nagapattinam,Rabi 2025,Sorghum,3151.6,53.0,167034.8,2025-09-25,Nagapattinam Mandi
7af12e2e,DEMO-FARM-0468,Madurai,Kharif 2026,Sugarcane,19892.3,17.4,346126.0,2025-09-10,Madurai Mandi
f03b37a1,DEMO-FARM-0469,Kovilpatti,Kharif 2026,Sorghum,6134.1,19.7,120841.8,2025-09-08,Kovilpatti Mandi
098e8381,DEMO-FARM-0470,Trichy,Kharif 2025,Millets,968.1,50.9,49276.3,2025-09-11,Trichy Mandi
39297ae5,DEMO-FARM-0470,Trichy,Kharif 2025,Millets,650.8,16.4,10673.1,2025-09-19,Trichy Mandi
bdcdaa1f,DEMO-FARM-0471,Nagapattinam,Kharif 2025,Maize,5965.3,15.9,94848.3,2025-09-15,Nagapattinam Mandi
abda8bad,DEMO-FARM-0471,Nagapattinam,Kharif 2025,Maize,6632.7,32.3,214236.2,2025-10-27,Nagapattinam Mandi
2eeadbe9,DEMO-FARM-0472,Coimbatore,Rabi 2025,Maize,12908.5,39.0,503431.5,2025-09-09,Coimbatore Mandi
95c8f0f3,DEMO-FARM-0473,Vellore,Rabi 2025,Millets,205.4,37.6,7723.0,2025-10-15,Vellore Mandi
c8d800b6,DEMO-FARM-0473,Vellore,Rabi 2025,Millets,273.1,52.1,14228.5,2025-10-24,Vellore Mandi
f555ab24,DEMO-FARM-0473,Vellore,Rabi 2025,Millets,334.8,45.7,15300.4,2025-09-08,Vellore Mandi
52edfa87,DEMO-FARM-0474,Nagapattinam,Kharif 2025,Pulses,2222.7,27.2,60457.4,2025-09-11,Nagapattinam Mandi
6cd58da3,DEMO-FARM-0474,Nagapattinam,Kharif 2025,Pulses,2024.5,16.6,33606.7,2025-10-22,Nagapattinam Mandi
1bf76338,DEMO-FARM-0475,Thanjavur,Kharif 2025,Sugarcane,2254.4,38.2,86118.1,2025-10-27,Thanjavur Mandi
a2e57f47,DEMO-FARM-0475,Thanjavur,Kharif 2025,Sugarcane,1369.6,34.5,47251.2,2025-09-28,Thanjavur Mandi
0c3c71fe,DEMO-FARM-0475,Thanjavur,Kharif 2025,Sugarcane,1074.4,22.5,24174.0,2025-10-21,Thanjavur Mandi
28d3be01,DEMO-FARM-0476,Coimbatore,Kharif 2025,Sorghum,273.0,29.6,8080.8,2025-10-18,Coimbatore Mandi
3157c539,DEMO-FARM-0476,Coimbatore,Kharif 2025,Sorghum,279.6,46.1,12889.6,2025-10-04,Coimbatore Mandi
5d371325,DEMO-FARM-0476,Coimbatore,Kharif 2025,Sorghum,251.3,46.0,11559.8,2025-09-09,Coimbatore Mandi
186d20fc,DEMO-FARM-0477,Nilgiris,Rabi 2025,Millets,81.0,50.3,4074.3,2025-10-22,Nilgiris Mandi
5f2e2c0b,DEMO-FARM-0477,Nilgiris,Rabi 2025,Millets,416.3,34.3,14279.1,2025-10-21,Nilgiris Mandi
e8d0f757,DEMO-FARM-0477,Nilgiris,Rabi 2025,Millets,493.0,41.1,20262.3,2025-09-20,Nilgiris Mandi
1baf0ed0,DEMO-FARM-0478,Krishnagiri,Kharif 2026,Pulses,837.0,15.7,13140.9,2025-09-25,Krishnagiri Mandi
c559b6a4,DEMO-FARM-0478,Krishnagiri,Kharif 2026,Pulses,1432.6,28.4,40685.8,2025-09-24,Krishnagiri Mandi
846f466b,DEMO-FARM-0478,Krishnagiri,Kharif 2026,Pulses,505.8,27.5,13909.5,2025-09-15,Krishnagiri Mandi
2cd96597,DEMO-FARM-0479,Krishnagiri,Kharif 2025,Pulses,7378.1,55.9,412435.8,2025-09-22,Krishnagiri Mandi
c65c62ee,DEMO-FARM-0479,Krishnagiri,Kharif 2025,Pulses,8299.5,17.5,145241.2,2025-10-18,Krishnagiri Mandi
0f3d1622,DEMO-FARM-0480,Nagapattinam,Kharif 2026,Maize,5324.7,47.5,252923.2,2025-09-16,Nagapattinam Mandi
28ca8f2f,DEMO-FARM-0480,Nagapattinam,Kharif 2026,Maize,4670.3,52.9,247058.9,2025-09-18,Nagapattinam Mandi
